id_plot,radius,X1,h_2.5,h_3.5,h_4.5,h_5.5,h_6.5,h_7.5,h_8.5,h_9.5,h_10.5,h_11.5,h_12.5,h_13.5,h_14.5,h_15.5,h_16.5,h_17.5,h_18.5,h_19.5,h_20.5,h_21.5,h_22.5,h_23.5,h_24.5,h_25.5,h_26.5,h_27.5,h_28.5,h_29.5,h_30.5,h_31.5,h_32.5,h_33.5,h_34.5,h_35.5,h_36.5,h_37.5,h_38.5,
41_01,25,0.030717759063413,0.0534554029030018,0.0642959545808574,0.0828139914039667,0.123938088479956,0.164993945147297,0.173617159899543,0.186169023737568,0.146674075799381,0.124588457660886,0.103015243966644,0.106211601832522,0.133223677672316,0.203570955242195,0.296035082173742,0.37413455075619,0.319347285598046,0.258620240540121,0.158857708983927,0.0726427300299968,0.0192554492483364,0.00151204240920498,0,0,0,0,0,0,0,0,0,0,0,0,0,0,0,0,SUM(
41_02,25,0.165986239679218,0.205010238122844,0.256671758242322,0.229749889055098,0.220192261134574,0.217561814863212,0.200817018811229,0.237704886141094,0.293161519191455,0.394671272032254,0.419110148941371,0.304792397637977,0.144628733156169,0.0380684853769235,0.00844450622674469,0.000342519606192411,0,0,0,0,0,0,0,0,0,0,0,0,0,0,0,0,0,0,0,0,0,0,
41_03,25,0.163906301274541,0.155780129927224,0.14741397001236,0.16236453177512,0.167093411354108,0.174759620357265,0.177435416630506,0.156157004417298,0.128037593137325,0.118935583912015,0.15333305181389,0.136570263411335,0.130566013152883,0.11310469256978,0.154408168068792,0.134857125247715,0.111470534600858,0.11779410712434,0.157415965743036,0.179961716328107,0.216584389002115,0.256261547357127,0.296463861271821,0.285534337677812,0.267970718020357,0.223602705749382,0.136193329881984,0.0529526460770924,0.0113903722155681,0.000165368797317329,6.61446749403614e-06,6.61444561857341e-06,1.32288256109684e-05,0,0,0,0,0,
41_04,25,0.163958704702638,0.171767794425379,0.181261388230021,0.172804624008734,0.215201281888723,0.267407694445216,0.214677359071996,0.233940357248908,0.197964956442737,0.19464484549835,0.186332243976401,0.161788917493495,0.147254168790596,0.156795685886357,0.135634417728202,0.124454026490012,0.159328932195294,0.145310928553834,0.14292932060009,0.0944571314569031,0.100996650148607,0.114694767774074,0.138997192022989,0.136883300206896,0.160009903478339,0.179432773643253,0.225763833609835,0.250549566278437,0.30351374404448,0.380362325395064,0.360391321795516,0.244516588179872,0.11731114538701,0.029462449689359,0.00130245351691386,4.13342275300398e-06,4.13341421048628e-06,0,
41_05,25,0.243479287887275,0.230702753011363,0.182093166303729,0.187705032189981,0.168700383649776,0.171365820242021,0.165535100913512,0.203310277255546,0.170987107991314,0.154104929060421,0.131929725350971,0.131283268804622,0.127351141551304,0.0985221319100732,0.0834958439912433,0.0836658703918511,0.0738757002718819,0.103542980639375,0.102657412235548,0.0962403602312591,0.104727870315273,0.127077926913458,0.149432735020735,0.183916706309547,0.205606200327524,0.23283044131236,0.247227625326198,0.300847301686173,0.257412941071281,0.159718452114143,0.0933943774781927,0.0224781484894753,0.00920253063509357,0.00114288166427791,0,0,0,0,
41_07,25,0.637835509295969,0.516774122996895,0.356317588562869,0.230280452112072,0.0948822071805741,0.0263578816468237,0.00619413944984345,0.000893125524739474,7.72709613677246e-05,0,0,0,0,0,0,0,0,0,0,0,0,0,0,0,0,0,0,0,0,0,0,0,0,0,0,0,0,0,
41_08,25,0.501543023523729,0.482480760554308,0.373983168094816,0.373935010600266,0.334597494219986,0.246744312897796,0.211713604759872,0.146512187915635,0.12530943071148,0.128543315992337,0.0786966486903304,0.0977904987439267,0.107591277995581,0.0813260749789587,0.0919571928717945,0.0735999992650251,0.103063719453613,0.123336210713998,0.12123872657025,0.176824179906266,0.173676145764419,0.203519832297462,0.240873986401874,0.286351833917826,0.31387724553648,0.281769740663696,0.125477951260347,0.0144119413822166,0.000101762181803051,5.65330273006597e-06,0,0,0,0,0,0,0,0,
41_09,25,0.130816159236195,0.106860261313,0.105936357459191,0.127721034152974,0.138200834733791,0.116261845261573,0.121965352509529,0.114489564767339,0.128729280027722,0.132639344656702,0.115745294266744,0.131185084276691,0.128884752231685,0.15817976506556,0.166775678251519,0.173998871528681,0.149447792947817,0.158791016079781,0.180349214987248,0.182086694505482,0.158185018940141,0.172212244702177,0.16692034369314,0.186407280622796,0.197664103595639,0.169458947274169,0.184833399818913,0.220332791362638,0.246444391914973,0.261619852344387,0.280323212672998,0.283739241306597,0.213939282353059,0.117055212862229,0.0462320700419887,0.00881424664491036,0.000106954991420381,0,
41_10,25,0.0840326666894531,0.145731573190758,0.124464874782346,0.156102407781514,0.17595694556891,0.216444479602611,0.190780079603062,0.221004338688681,0.21756860818806,0.23299421069938,0.238057662515791,0.259666375671636,0.271251790167491,0.25476069945253,0.267944440711489,0.246804104769347,0.269730960707594,0.196282337187774,0.195008098797076,0.161282821003994,0.117262939843676,0.0957251502425338,0.0968897104075675,0.0927481624520613,0.103187109601684,0.131080099817851,0.163615376062244,0.197297155398312,0.24675712458987,0.253210582036192,0.262203078987926,0.219857175667063,0.134444323916297,0.0616780036833578,0.0205792568080813,0.00131395191873495,0,0,
41_11,25,0.186889240219576,0.183449424894999,0.15895398356977,0.114576066813404,0.103865840583511,0.120166725252154,0.138820669862594,0.153033526601369,0.112579697135484,0.101996446011984,0.128768231233799,0.133534551473932,0.143823759447696,0.168825844096072,0.147032716888889,0.16564239445363,0.183862242013085,0.145268281993868,0.144242772581654,0.124990173176251,0.14540548327874,0.167989427168289,0.178440486166479,0.147515705051881,0.155059846596105,0.166936735263675,0.155543005074225,0.194597609969387,0.22178058470069,0.280580398364787,0.302165959137397,0.278996239471294,0.203574835760499,0.10233070084044,0.0461519251031161,0.00662473184411819,0,0,
41_12,25,0.0952043838774347,0.11312400187014,0.120136482013335,0.0997503665274214,0.0778663097421749,0.0661807557207787,0.0697257472031326,0.0687434988981644,0.080248863763334,0.111452334132519,0.115224082447094,0.12265133854061,0.113805783524912,0.101067088208295,0.0837967975082046,0.0804265794527849,0.119129902392783,0.142287270797633,0.197894664855711,0.270534018669672,0.370944944652087,0.445070427566441,0.337776181242217,0.155865851949728,0.0293474653516872,0.00180734569176946,0,0,0,0,0,0,0,0,0,0,0,0,
41_13,25,0.170672016022052,0.194845063968098,0.142487672290575,0.159130182200396,0.162595649793906,0.162649430275245,0.191096164982557,0.137387227288325,0.13331516339172,0.159590827164607,0.152738505879384,0.150665521822222,0.154186985223144,0.124602098461786,0.109180213053817,0.0813516079581385,0.0776353177844873,0.06079854323214,0.0656043227156787,0.069235332236655,0.0797271257495908,0.0886573231948076,0.130305136088342,0.229994584656985,0.353222392164627,0.364178334948148,0.201733278328994,0.0369777831410847,0.0011705498175089,0,0,0,0,0,0,0,0,0,
41_14,25,0.734561201894483,1.049978983364,1.31862175609376,0.860306116818275,0.279712854393479,0.0445649674267083,0.00421585494397214,4.21980989772858e-05,0,0,0,0,0,0,0,0,0,0,0,0,0,0,0,0,0,0,0,0,0,0,0,0,0,0,0,0,0,0,
41_15,25,0.158894678669132,0.149369391554141,0.127802124637008,0.135313373789409,0.125762377634478,0.11390013405457,0.116434160397546,0.114682908412143,0.149384553352027,0.128040212637909,0.131050747838415,0.138446676040459,0.11427939002529,0.104177866336367,0.0833765244128764,0.0745758264631235,0.0928687379384158,0.121675546522686,0.161762738899862,0.229071320307186,0.324400502801381,0.324657307958255,0.242236938946262,0.133641125726204,0.0663739022667466,0.0179877547531891,0.000586158666688296,0,0,0,0,0,0,0,0,0,0,0,
41_21,25,0.0487707755090669,0.0853493343299202,0.0818556627139246,0.104980188168771,0.115450075475133,0.145708212054837,0.154261825108891,0.147288191236185,0.122970372065674,0.0963196311796028,0.0663327861256591,0.0645498263621278,0.0621047053904412,0.072260758286048,0.105228626280661,0.159725509669516,0.265693848967931,0.378710295828273,0.455923687209713,0.361604878191479,0.206089480075811,0.0559946490992255,0.0066728238381474,0.000135619052591374,1.93733996765229e-05,3.22888170095903e-06,0,0,0,0,0,0,0,0,0,0,0,0,
41_22,25,0.159845858526903,0.141869012781138,0.203599133198397,0.183188714626185,0.16825244689173,0.164730640644127,0.137769676063026,0.143729719243605,0.111572888484725,0.0889056109790922,0.0715303549639377,0.0729060606596607,0.0643977126552839,0.0737957836444597,0.117760111392109,0.192859221845274,0.329102185083616,0.449886214662631,0.456273968540405,0.269281329274249,0.0794857723240673,0.00772523222545978,0.000369323101055188,0,0,0,0,0,0,0,0,0,0,0,0,0,0,0,
41_23,25,0.205707826447028,0.26877805827027,0.286684767032111,0.316571177409408,0.290068134599187,0.295874603466173,0.274933828712219,0.241421512489489,0.189828287158591,0.160358658055333,0.113825954937715,0.0888426713288618,0.117925724156482,0.175266010484751,0.268820474415747,0.379328760263079,0.382470637747813,0.277751166044573,0.119336025965914,0.0259530117969236,0.00278775965413503,6.20209527502559e-05,0,0,0,0,0,0,0,0,0,0,0,0,0,0,0,0,
41_24,25,0.15451387704215,0.118349517466822,0.112922069125804,0.11003107615827,0.095250877160381,0.0903517417717275,0.113197535205213,0.108475868537579,0.116358514073082,0.138734328587725,0.14398307073017,0.163473710529163,0.153919237971418,0.148006673934503,0.123067885142992,0.130341816607457,0.150113268010691,0.177745917316005,0.269654816750773,0.350563519196677,0.365136770729841,0.315468319491275,0.248842392024325,0.132911327042454,0.042892998104613,0.0120294678595063,0.000708290841560129,4.14131405961647e-06,0,0,0,0,0,0,0,0,0,0,
41_25,25,0.127983636449642,0.136874573439415,0.115951667881896,0.137842108531058,0.163286538660504,0.126475248256685,0.126013004735589,0.130457514026923,0.155563620893042,0.139264543180114,0.168925037796156,0.146136634788653,0.180449601082526,0.158778767363941,0.148375220941064,0.153652371695854,0.144790621345123,0.140418367136353,0.131465563423436,0.137497069210483,0.10714236410303,0.127113249364767,0.11921384452734,0.112816283919103,0.16596373584901,0.228142699869154,0.278594124043028,0.32708433145669,0.28391675447784,0.210866704333569,0.0903716789323972,0.0154921972471104,0.000319544968645382,0,0,0,0,0,
41_26,25,0.084995131822324,0.0760416828925671,0.0897610819143442,0.0806710015522396,0.09223992065559,0.0977862697487148,0.114898579312005,0.130840055893017,0.145188216217239,0.175030645793327,0.160692386310899,0.169442054734651,0.1560969279567,0.150990451551554,0.135964389570364,0.125157541510637,0.132693550398406,0.126324841695275,0.0808901993239991,0.0946875497409417,0.0999803037061205,0.109438009620128,0.11880898706702,0.12538203012369,0.186410699207772,0.219292840653838,0.252988683726048,0.283520987912581,0.265828896331447,0.200117791351775,0.115449850886954,0.0514002431922166,0.0166747799322197,0.000875934531756465,0,0,0,0,
41_27,25,0.818244076031271,0.184158509855517,0.00756256524596816,0.000136410139873303,0,0,0,0,0,0,0,0,0,0,0,0,0,0,0,0,0,0,0,0,0,0,0,0,0,0,0,0,0,0,0,0,0,0,
41_28,25,0.48570135113143,0.714849148925163,1.1894688192747,1.03872352735527,0.466287463228038,0.0796341290261422,0.00335138796618403,0.000477136525007223,0,0,0,0,0,0,0,0,0,0,0,0,0,0,0,0,0,0,0,0,0,0,0,0,0,0,0,0,0,0,
41_29,25,0.366187640277827,0.426436934788231,0.506000612283075,0.490590500363479,0.632867728089728,0.625941579008933,0.285581213313664,0.0452076312227724,0.00400716850461183,0,0,0,0,0,0,0,0,0,0,0,0,0,0,0,0,0,0,0,0,0,0,0,0,0,0,0,0,0,
41_31,25,0.195726417954141,0.192680362416265,0.170210271579012,0.144597593115895,0.143989771212064,0.1524755529345,0.181406875392354,0.42383913559286,0.717796257358841,0.527598677152526,0.174417786048833,0.0244912446658374,0.0034961381917374,2.28304855475826e-05,0,0,0,0,0,0,0,0,0,0,0,0,0,0,0,0,0,0,0,0,0,0,0,0,
41_32,25,0.310400772564209,0.359052694938475,0.433415783450165,0.638206074783105,0.932442805606595,0.653787001058076,0.234270622082691,0.0277902752191105,0.00045648669394813,0,0,0,0,0,0,0,0,0,0,0,0,0,0,0,0,0,0,0,0,0,0,0,0,0,0,0,0,0,
41_33,25,0.301986378613182,0.321507463588784,0.323947010028732,0.326194966809376,0.274560379271362,0.167297973476872,0.113898229400016,0.0947868144996993,0.113856759788696,0.140359593900391,0.257465293213965,0.472834585334547,0.459901808788057,0.198658605748072,0.0237777587592103,0.000922156342101434,0,0,0,0,0,0,0,0,0,0,0,0,0,0,0,0,0,0,0,0,0,0,
41_16,25,1.08929503323777,1.63910992441503,1.07981729054575,0.288050609826421,0.0249848681169016,0.000693088029115078,1.25993775907573e-05,0,1.2599298219081e-05,0,0,0,0,0,0,0,0,0,0,0,0,0,0,0,0,0,0,0,0,0,0,0,0,0,0,0,0,0,
41_17,25,0.0038441150154269,0.00613944127110907,0.00361616502940319,0.00621371059780753,0.0111279793798475,0.0114987336835016,0.0201739523043879,0.018155848045875,0.0219112595298659,0.0202111250636321,0.0453169740245293,0.0338110729006642,0.0338283613238562,0.0433487553083222,0.0435924432542199,0.028407322575746,0.0530226613316577,0.0452312376391748,0.0470215470154473,0.0419936945709284,0.0335307054483102,0.0469596021032291,0.0649275093337594,0.0839220551402264,0.0904230599669619,0.128736476773006,0.154950162355382,0.186299109836096,0.218056326427406,0.247324056525003,0.27135585836306,0.250645600417516,0.134830000279046,0.0424523490075969,0.00579539068591401,1.20562181453555e-05,0,0,
41_18,25,0.0106722067408927,0.000113530466404191,9.46058130542239e-06,9.46053655434103e-06,0,0,0,0,0,0,0,0,0,0,0,0,0,0,0,0,0,0,0,0,0,0,0,0,0,0,0,0,0,0,0,0,0,0,
41_19,25,0.363126968878454,0.0433769818239853,0.00816678371332856,0.00590379853487273,0.00935000596108994,0.011604213614787,0.0202345028152962,0.015865816358402,0.0232562589589187,0.012755881219296,0.0157927338313652,0.0114642575838421,0.00325581378171904,0.000696438794085804,0.000168333422700435,0,0,0,0,0,0,0,0,0,0,0,0,0,0,0,0,0,0,0,0,0,0,0,
41_20,25,0.00390434482218219,0.0119132739827051,0.0176837734546854,0.0173678050923892,0.0212973809733786,0.0185232995776621,0.0161498760574851,0.0145705692455761,0.0235474806880845,0.0176612278251537,0.00291576657058092,0.00501025085524112,0.00357288365422888,0.00776758673923726,0.00574644536277708,0.00607975448637397,0.00454148666758585,0.00694198916680967,0.00928047162977273,0.0106644563084391,0.0141761578613631,0.0139915161892134,0.011255783774771,0.0172021095467804,0.0196491640001816,0.0264317401943444,0.0422545230693621,0.0528518954465598,0.0529885451390031,0.0622475824415488,0.078223441310711,0.0848377814052298,0.0691116382942963,0.0449715092379981,0.0276992466609381,0.0163369704226707,0.00294388112987019,0,
41_30,25,0.0372206416177455,0.0138132808886723,0.000969007123985611,1.22629044077357e-05,0,0,0,0,0,0,0,0,0,0,0,0,0,0,0,0,0,0,0,0,0,0,0,0,0,0,0,0,0,0,0,0,0,0,
41_34,25,0.3097022405018,0.282410794440648,0.254820169189053,0.207142157857365,0.176210323033613,0.175812720548461,0.208198153855305,0.355032692525923,0.604002976109266,0.546773403915108,0.232042808207367,0.0577900753795614,0.00748837970057574,5.59521422713692e-05,0,0,0,0,0,0,0,0,0,0,0,0,0,0,0,0,0,0,0,0,0,0,0,0,
41_35,25,0.315015770057559,0.343933127434621,0.304183041582147,0.543761435382812,0.734694125403059,0.351308938307525,0.0460302235351679,0.00034025979279166,0,0,0,0,0,0,0,0,0,0,0,0,0,0,0,0,0,0,0,0,0,0,0,0,0,0,0,0,0,0,
41_36,25,0.180665439299666,0.169555593870784,0.200610114206633,0.149959288151109,0.17745365191891,0.18395806429907,0.172465454876743,0.128650815891238,0.149417477499889,0.128120380031881,0.144779833682985,0.139772652280791,0.123107885532731,0.100502003535087,0.112855260439189,0.0920124494632033,0.0940884654573719,0.0875675112212692,0.100926177827578,0.11015532477014,0.10998062345441,0.109375081404427,0.146143852604721,0.151992355886204,0.184089025938611,0.213428554987667,0.246493230595153,0.255311899064925,0.243245619883899,0.157446894402381,0.0587207249048704,0.00638709954746872,0.000547769622477778,0,0,0,0,0,
41_39,25,0.0514470177519847,0.0505645762539122,0.0412740663355559,0.0317854602157642,0.00420476425112643,0,0,0,0,0,0,0,0,0,0,0,0,0,0,0,0,0,0,0,0,0,0,0,0,0,0,0,0,0,0,0,0,0,
41_40,25,0.212846413172358,0.177790544296962,0.159848424488015,0.133726370103833,0.122333682035035,0.135317693316927,0.108914511984963,0.130409131124053,0.134165338323171,0.143896300897495,0.129937541090889,0.122871373483743,0.114841143581731,0.139641877894201,0.115362706226853,0.125683860073246,0.103013857576685,0.136935157528351,0.121316235319043,0.118702886301444,0.127180165146251,0.126383172170694,0.124524354471031,0.129851310541356,0.169296679130379,0.196375901089211,0.22630466904037,0.265128364813473,0.286412545121521,0.233048271333969,0.124110765619273,0.0322016023360487,0.00153929689178813,5.96396275496837e-06,0,0,0,0,
41_41,25,0.13453088187783,0.194898267431274,0.226706601989164,0.237304021714799,0.176593278483795,0.223526911791965,0.225969356213717,0.224659559336235,0.21078906315456,0.227023609410924,0.202774461609185,0.220738867320214,0.193948667103233,0.178867045849051,0.15563630199197,0.14654163395269,0.110201265855476,0.11181561690668,0.100905459352772,0.116644211488563,0.141068745435968,0.145174316243789,0.162611009683544,0.171536000135862,0.232071819592395,0.272807558839021,0.320539910621949,0.319832705719276,0.248283057438852,0.116813156054941,0.0280932956812995,0.00201314150927192,0,0,0,0,0,0,
41_42,25,0.246450698420268,0.188020835147776,0.159275534793386,0.176282850864205,0.171260859823297,0.175405763738343,0.181970672128297,0.194240702142628,0.190378243513687,0.180634270613079,0.14712841273545,0.135566991834992,0.131714349810927,0.104687633236954,0.139760220278283,0.123585256152384,0.0931582635350755,0.0775740190780728,0.0867765470356831,0.106093910832992,0.10177475914018,0.126228174113222,0.16103006837471,0.17157940936062,0.216073517197359,0.229313191493512,0.278588807717942,0.297935925742078,0.230687067081975,0.118769553437989,0.0411232521376331,0.00213675604593849,0,0,0,0,0,0,
41_43,25,0.162778203305424,0.168539125258371,0.171887679519376,0.173964709867258,0.188771231508867,0.170993215404524,0.201604783574589,0.214633445727319,0.173015588833253,0.160719009172098,0.141653424399526,0.189515412490511,0.186834008307316,0.183971683745071,0.185708404174717,0.154178805792839,0.158422122646201,0.168949377043075,0.170560831212612,0.171438300235424,0.203121192242783,0.237757787438334,0.235240062099726,0.194302912759127,0.135904771260235,0.113529158453594,0.0821650260532443,0.0704418380672164,0.0524622911808557,0.0261934707755392,0.00415613799784109,6.24637580121436e-05,1.249251750267e-05,4.16415516053597e-06,0,0,0,0,
41_44,25,0.112175675784755,0.112831752207606,0.117627251714421,0.11112746269468,0.0924671427677412,0.105687719708187,0.102625386310166,0.0901130402978037,0.128495237971102,0.114322946376493,0.11975878806447,0.11044318561432,0.108529634374539,0.114564392656111,0.0970521178216894,0.128624002975132,0.120186860180635,0.138376329831897,0.116626240418713,0.121686250140046,0.132439879396153,0.161382852953391,0.160718474264245,0.182026114542709,0.237878648687932,0.271940523968559,0.324239693137496,0.289733626575276,0.178101567376019,0.0700909886180221,0.0269305587887578,0.00329666391820547,0,0,0,0,0,0,
41_45,25,0.175775392637612,0.171772402124403,0.17253871539069,0.145569288898697,0.171059760814772,0.14591368832826,0.130973412915541,0.170809972582669,0.145275281247027,0.146364080578842,0.155267226267578,0.167257729006711,0.130051500555687,0.122556085496163,0.147006048218571,0.123271407267858,0.149446826301717,0.136912845759125,0.145788095130276,0.175555781888932,0.224291683066339,0.244236225452218,0.265524411896696,0.193560859061528,0.104018005283151,0.0401318022183239,0.00516045102228245,1.074451425405e-05,0,0,0,0,0,0,0,0,0,0,
41_47,25,0.305338184676502,0.0362089062790209,0.00224609702129399,3.31338400056748e-05,8.28337423246829e-06,1.65666455441898e-05,0,0,0,0,0,0,0,0,0,0,0,0,0,0,0,0,0,0,0,0,0,0,0,0,0,0,0,0,0,0,0,0,
41_48,25,0.930179152620438,0.869289209726449,0.599041948928434,0.203433515942004,0.0235588199201409,0.000816346942119409,0,1.66566726631833e-05,0,0,0,0,0,0,0,0,0,0,0,0,0,0,0,0,0,0,0,0,0,0,0,0,0,0,0,0,0,0,
41_49,25,0.494801842881738,0.203805388691814,0.0316962443088057,0.000800532968246143,0,1.09639805827363e-05,0,0,0,0,0,0,0,0,0,0,0,0,0,0,0,0,0,0,0,0,0,0,0,0,0,0,0,0,0,0,0,0,
41_51,25,0.012699449279854,0.0184257942283211,0.0198656434511562,0.01957551569782,0.0105270861294686,0.0149859856081707,0.0165080775502037,0.0137394039566535,0.0109166363384242,0.0164640028789415,0.0135329667815411,0.0119170124502699,0.0103471346595789,0.0109332703408007,0.00755065679974993,0.00387060976849047,0.000194216754879031,0,0,0,0,0,0,0,0,0,0,0,0,0,0,0,0,0,0,0,0,0,
41_53,25,0.0960680409322159,0.0890292273750431,0.122901725332622,0.0899918289261928,0.100188643951516,0.133269214133684,0.110729475136196,0.153920279456168,0.124155498883987,0.1658735098783,0.172140777179828,0.179922243763399,0.155346774720898,0.155764262446203,0.142551210470838,0.170070969663407,0.151173065318077,0.0829404629830582,0.0841946564469405,0.095481574901007,0.0719045429652514,0.0516866769073807,0.0634362220748547,0.0734466433856617,0.0644859276612431,0.0814454680219345,0.0888904047975554,0.117284665896682,0.154188435964886,0.179790788453114,0.183974514870334,0.195495000722477,0.214637229557947,0.240900547268804,0.222315931378381,0.134890794386881,0.0613095238163354,0.0178313214312525,
41_57,25,0.241944239316939,0.285404579031678,0.269219457151927,0.228992570534322,0.234231002439501,0.226806086084202,0.302237557476442,0.484720568002916,0.597008633365876,0.413903746872459,0.171588008999617,0.0305007968655434,0.00331882886385061,0.000280871482253768,0,0,0,0,0,0,0,0,0,0,0,0,0,0,0,0,0,0,0,0,0,0,0,0,
41_58,25,0.260694458310779,0.248648281730121,0.318331900173149,0.496372683691181,0.682094327637108,0.539702814969858,0.265512159103258,0.0853626579291095,0.0125893550791534,0.00530656677301102,0.00521723036406976,0.00566171112782876,0.00524887450533708,0.0051455053847724,0.00315702924231487,0.00397836615916269,0.00331670101518565,0.00259894593637553,0.00189139337459609,0.00452466262655269,0.00146406395180316,0.00014043464528467,0,0,0,0,0,0,0,0,0,0,0,0,0,0,0,0,
41_60,25,0.115285886789938,0.126369288041879,0.121112502687501,0.132087323136978,0.177572743478487,0.187897713830823,0.19033364854828,0.217726621125598,0.189443457147375,0.211529986576312,0.194712051239076,0.1812889144189,0.158134037925814,0.144564848071118,0.118719021553897,0.111813265891997,0.125399970759845,0.160960819182578,0.232411661263999,0.309627028923251,0.295662087763199,0.209947018172737,0.138429963270791,0.0907052222697769,0.0212819926695841,0.00373952701167374,0.0012218785897081,0,0,0,0,0,0,0,0,0,0,0,
41_38,25,0.178279431095536,0.171383354538527,0.134003780803881,0.14981967158257,0.175822575593838,0.17581972964169,0.157169321138087,0.146691676152196,0.195000913100811,0.14975607278728,0.181090325369863,0.198350253542322,0.183929419367966,0.177028040789255,0.198319890365718,0.197772803530188,0.167000922302666,0.198727045680283,0.177942416936253,0.203386397647716,0.224164790406335,0.200017738007589,0.218925385036509,0.252528090419744,0.265297815103849,0.246662748752445,0.244217301336386,0.19516520301949,0.114660237579339,0.0591458144304122,0.0346926933682028,0.0139137142754851,0.000575369716209029,0,0,0,0,0,
41_46,25,0.116074927971267,0.129843001626314,0.132553569093511,0.14720492398602,0.158380170543835,0.164421984117364,0.159422411416201,0.124664600693943,0.107751735828116,0.114892665164126,0.133056098471107,0.10466683629688,0.114876769873307,0.1791052509046,0.179634195442086,0.180087186463125,0.193672446462556,0.198888344314427,0.200452922347887,0.188809631085257,0.197388457609872,0.225532865647251,0.275740158928244,0.288309946186641,0.284181900015377,0.283674876564374,0.190665894433213,0.0917205146861153,0.0328733881618204,0.0122913100885739,0.000793242414648991,0,0,0,0,0,0,0,
41_50,25,0.106299583638887,0.0862504647872974,0.118654844013405,0.187598344619424,0.136322366690729,0.186791602401179,0.180951738885548,0.191114369738369,0.221521649934089,0.234259635225879,0.262793516303492,0.24417863686734,0.185248556015749,0.156992225948271,0.119704060349313,0.112312548499911,0.0827263248207569,0.072634559661297,0.0739219853895509,0.0643274728381891,0.0497907803229109,0.0508080223304812,0.0656296963222941,0.0566122081388937,0.0794170873809207,0.08120582246262,0.0753133501436563,0.107415037797104,0.118169486429609,0.152652313650133,0.191481862234324,0.223307424738556,0.265706108426917,0.289685827822103,0.294696805796,0.234770128879699,0.104944935443261,0.0189054749848362,
41_54,25,0.245316915145555,0.251775636351894,0.274938183546086,0.261315833302353,0.245067651940655,0.258132750017841,0.25769414759905,0.263746270618927,0.240733230646024,0.257396388176337,0.239099151765861,0.187493092971847,0.1804381205677,0.183353697208203,0.16017159537429,0.113788198378115,0.0983410628702924,0.069265188630288,0.0695898078221724,0.088761001372625,0.0644839559314664,0.0775592376399259,0.0779874168209694,0.0941460372368405,0.125462941371428,0.155400396223093,0.171445822637899,0.205535527795611,0.220553365345136,0.2433608482744,0.235694015529132,0.183128389848676,0.0939983104971904,0.0194877475563732,0.00199140405258794,0,0,0,
41_55,25,0.176138228873905,0.148261251433124,0.0915491627698886,0.112085889643038,0.0847138782079109,0.0939371334957204,0.109800566421861,0.0774703847948673,0.0677609101486861,0.0450281907711003,0.0465318303047616,0.0482141202592493,0.0575093744407893,0.0579671546009803,0.0702643418513512,0.0697714480380878,0.0674839731701204,0.0723006665534663,0.0747152145932641,0.07258977344245,0.0957381933629093,0.116529210919415,0.128279910959214,0.107307890909866,0.137397679158174,0.165298071221068,0.197286358885348,0.224151719023383,0.246470777164239,0.284034304980114,0.168123609199573,0.0488398747770662,0.0137954670171658,0.00368039111585311,5.50449373107176e-06,0,0,0,
41_56,25,0.133078547359798,0.132544797677451,0.120572102298384,0.130210388710486,0.134962759206225,0.120831366283553,0.124010491199424,0.139855506122836,0.117548297547277,0.13850844258279,0.160672848478328,0.138742405312494,0.11885109161365,0.120616127357822,0.131183930278209,0.122559524706218,0.133227195126232,0.122207503514646,0.120208692683896,0.136154171796336,0.114475934477943,0.148046047151503,0.164056931099935,0.173882443356243,0.200604323625225,0.216290476796288,0.24470743153071,0.155610296302632,0.0742312396837066,0.0100014575274193,0.00112512851251121,5.25612437041926e-06,5.25611055698808e-06,0,0,0,0,0,
41_59,25,0.258750014618202,0.184668017231136,0.201246618894703,0.157652881200908,0.135671227770564,0.171510221250197,0.174360766650605,0.170315062855837,0.154775713389687,0.146592414409005,0.114634769702589,0.147795157890786,0.14527561313847,0.147568975220804,0.156527093770746,0.137352934239067,0.126839579983072,0.117486995464048,0.111236615498813,0.103614451383292,0.0786801518552906,0.0582741292810163,0.0643177140462728,0.0581872582778611,0.0726720137247504,0.0924907832426611,0.115610180572048,0.141011642183493,0.189272303335739,0.217680061481953,0.24307666218052,0.235731523918008,0.144116326526268,0.0801881490818447,0.0403986797895901,0.00887710689220442,0.000142069103359612,0,
41_06,25,0.251879299451123,0.182414017497273,0.147929866293482,0.114025409854837,0.0983771733919932,0.103592270296617,0.165011410644759,0.314779834141982,0.407178692186661,0.342891137066516,0.176348944488952,0.0417979124424253,0.0038177434064377,0.000291552656304923,1.5758392328931e-05,7.87914960340666e-06,7.87911856300291e-06,0,0,0,0,0,0,0,0,0,0,0,0,0,0,0,0,0,0,0,0,0,
41_37,25,0.276641898144935,0.236101147468761,0.196639166742386,0.17098529417999,0.159730984883826,0.133171449659857,0.132089945264097,0.125514359142322,0.125733940670022,0.104913253773672,0.130755834479806,0.149474753776255,0.152446189277739,0.162177063101025,0.159381580203353,0.140582146607783,0.127082301908643,0.136106926490031,0.185673641603488,0.217533005411257,0.250086601517944,0.266777639390415,0.189994653704084,0.0898290008286032,0.0299435986444427,0.0065442642070455,2.88838278009064e-05,0,0,0,0,0,0,0,0,0,0,0,
41_52,25,0.37730396046065,0.373799960155499,0.38682040173508,0.353773929264297,0.353833697046008,0.352092998617847,0.344803434535649,0.224518621674519,0.111489989124123,0.0584720762333422,0.0393876345622497,0.0355917630805421,0.0326850258633204,0.0349535871065958,0.0261226198032211,0.0142677519908885,0.0131036478483798,0.0148313916432731,0.0141785104175927,0.0114950210704337,0.0188731872570595,0.0219356194109387,0.0158963597643575,0.0221222482698566,0.0267536773843643,0.0259035217105738,0.0285327449404282,0.0288470870662676,0.0351275077229679,0.0329138012634918,0.0268696708654655,0.0195400096853593,0.0181124555639868,0.0149278696203871,0.0124902050040241,0.00601841427983683,0.0015799219089457,0,
