id_plot,src,slope_day,slope_night,DTR,dTmin,temp_r,bias
41_01,Observed,0.958806741864373,0.959170224129792,9.36976229508197,-0.107451990346462,,
41_01,v3.2.0,0.989776139653073,0.885202166531294,9.66596330993302,0.354428825924792,0.895007699567784,0.746192595498182
41_01,v3.2.3 iter,0.978557370737643,0.872653662269156,9.30080299109697,0.726335209487343,0.890793257987262,0.886634797979012
41_02,Observed,1.00446901484797,0.952792739868826,10.0104180327869,-0.264484777231708,,
41_02,v3.2.0,1.00333068861145,0.893111237446183,9.84377719003264,0.225168831681773,0.900476485410157,0.70379363839601
41_02,v3.2.3 iter,0.986384483468908,0.874172374609999,9.36487042405979,0.634062653046543,0.892797779990278,0.83807155323917
41_03,Observed,0.93953029179145,0.891439131139267,8.6498606557377,-0.0212716624776099,,
41_03,v3.2.0,0.986321321946035,0.869731205559758,9.37192956022315,0.336533911858666,0.890841236706934,0.932341140551525
41_03,v3.2.3 iter,0.971618796138177,0.834285474647688,9.04290718072493,0.691363373045824,0.877349834917014,1.0411560111397
41_04,Observed,0.897421116026382,0.880907644048982,7.58430327868852,-0.0502470723136754,,
41_04,v3.2.0,0.969403460616714,0.871642005249703,9.0052887963467,0.399565899958376,0.881280041450544,1.24067000915154
41_04,v3.2.3 iter,0.904408862275779,0.737295655419916,7.59520383741035,1.32064544177446,0.88938201507916,1.26575211040632
41_05,Observed,0.883408776072545,0.832112634103464,7.62737704918033,0.0812365342437015,,
41_05,v3.2.0,0.984082930706009,0.871596176406149,9.32877666740586,0.334717288795338,0.873255749055085,1.21348900191929
41_05,v3.2.3 iter,0.959078770465417,0.774393088908462,8.42144975778689,1.20283631402581,0.872910918194233,1.41666550390796
41_07,Observed,1.12243506794708,0.879382884193203,15.2729016393443,-2.06307494116613,,
41_07,v3.2.0,1.03435979132869,0.939919088262249,11.3533260794177,0.026677338251754,0.873897667118591,1.62093187683646
41_07,v3.2.3 iter,0.987506682379201,0.963157893761031,10.1863369319568,-0.0792593115431483,0.870056005893083,1.08213024014143
41_08,Observed,0.901873629980026,0.843306624694938,8.37554918032787,-0.226935596903839,,
41_08,v3.2.0,0.986720590314606,0.8836073332945,9.28894562688791,0.309276263222809,0.89045420484961,1.12776049690992
41_08,v3.2.3 iter,0.972186402433356,0.804658869452589,8.82032915367852,0.773312497984864,0.883095187975781,1.18285173331837
41_09,Observed,0.870429331256694,0.826809111072798,6.82840983606557,0.264515222768292,,
41_09,v3.2.0,0.973909779494598,0.870876295212948,9.08386055367892,0.387711822009477,0.864800432297216,1.28413223368816
41_09,v3.2.3 iter,0.915877624188765,0.745549105244093,7.76145734943327,1.30764020075564,0.873820190373399,1.34711516445368
41_10,Observed,0.860548018136282,0.821520656520803,6.83462295081967,0.398326698178128,,
41_10,v3.2.0,0.976663479438887,0.872317300262991,9.08490640608991,0.392677182056865,0.869383952941977,1.12320713421295
41_10,v3.2.3 iter,0.934378273802309,0.772151796360589,8.14151901495261,1.09394486224065,0.871357786557986,1.18003413963711
41_11,Observed,0.885587017921418,0.849012832240934,7.16832786885246,0.316269321128948,,
41_11,v3.2.0,0.965725659412997,0.879577724790023,8.94942186699539,0.37746066734439,0.868488477956884,1.00212427124944
41_11,v3.2.3 iter,0.873276647959521,0.72415142817616,7.24000149085873,1.2974986091989,0.885451503082002,0.879156516669004
41_12,Observed,0.920040979053626,0.851986652093201,8.16949180327869,0.339982435883046,,
41_12,v3.2.0,0.989590034620451,0.879033318002886,9.52020778294938,0.339283207649241,0.886582115785079,0.854802521357757
41_12,v3.2.3 iter,0.98365693185736,0.826551196921514,9.014543975748,0.951598386833565,0.880524144780705,1.08871648070221
41_15,Observed,0.984113368244932,0.905975433208171,10.0082950819672,-0.819804449362856,,
41_15,v3.2.0,0.995775492952396,0.877328294928035,9.76562057382756,0.29267833298216,0.891511373826771,1.08329495599198
41_15,v3.2.3 iter,0.991516485500867,0.849511238868908,9.30446563734141,0.782883982427062,0.881896507763831,1.27205924907425
41_21,Observed,1.00476422347647,0.874549202794634,9.49538524590164,-0.144788055920233,,
41_21,v3.2.0,0.991313333244011,0.877109899841317,9.59890139083924,0.378469883519866,0.896240525303564,0.825226656877451
41_21,v3.2.3 iter,0.980257669452084,0.873438833022272,9.33084570601228,0.64156027904275,0.888430915879922,0.947428074709202
41_22,Observed,0.977030477484359,0.856109520998398,8.84750819672131,-0.172968383789085,,
41_22,v3.2.0,0.997565923856292,0.888483762623238,9.7033508784971,0.307300246906604,0.895811320959838,1.15371360435838
41_22,v3.2.3 iter,0.988537725646149,0.860076798775083,9.34417381455558,0.688653396795628,0.887799634513834,1.29931762331949
41_23,Observed,0.893699799402125,0.863733104690804,7.81620491803279,0.0554496489978,,
41_23,v3.2.0,0.992369074050264,0.88504468163392,9.48972185826017,0.264795142129773,0.883644817428923,1.16317010590651
41_23,v3.2.3 iter,0.97499176314284,0.818371154829075,8.86690866342399,0.855816039861528,0.874324961788528,1.30253306132162
41_24,Observed,0.937012609737634,0.865292642749735,8.34944262295082,-0.0047798591989214,,
41_24,v3.2.0,0.988308162029681,0.880694817400076,9.41950623715354,0.29913735588376,0.886077912587173,0.99275732309617
41_24,v3.2.3 iter,0.964212384305757,0.799547854948359,8.63899863286476,1.01184322467789,0.880340907028053,1.15824826191565
41_25,Observed,0.913400255311129,0.84299023227131,7.43112295081967,0.262597189981407,,
41_25,v3.2.0,0.978318179098562,0.871815975503236,9.19463687387686,0.376645815240717,0.883465871268845,1.07531894106033
41_25,v3.2.3 iter,0.94169252861342,0.766886925907788,8.1589380650899,1.23232715066613,0.884467375493985,1.22397688176863
41_26,Observed,0.946800183684505,0.837553477283314,8.28789344262295,-0.021706088707118,,
41_26,v3.2.0,0.9869539809556,0.869897290629445,9.32984649157915,0.387977475025615,0.901772707669753,1.12569238097688
41_26,v3.2.3 iter,0.96767764555801,0.793044436301872,8.57765022653048,1.1438856281218,0.900043594023287,1.34094780538774
41_27,Observed,1.00739572876519,1.01887212847887,12.6631721311475,-2.19466510510056,,
41_27,v3.2.0,1.02354870534548,0.944925497676414,11.0294394571393,0.00671006187540712,0.898443415217365,1.65297861211643
41_27,v3.2.3 iter,0.987034396762342,0.960137066550867,10.2022236772101,-0.060092013560323,0.897636789845494,1.26267631360466
41_28,Observed,0.933291048387965,0.957258309768481,9.98851639344262,-1.36118149854318,,
41_28,v3.2.0,1.00450850002872,0.917176071682316,9.94724242098564,0.116342741972634,0.895843862380169,1.50532110641421
41_28,v3.2.3 iter,0.985084983690763,0.909034088954874,9.66841853677971,0.285734312104835,0.888888223993201,1.53717234412152
41_29,Observed,0.974675832642808,0.936988087704077,10.0861229508197,-0.783566744444823,,
41_29,v3.2.0,1.00364832279937,0.918856958239763,9.99251032473099,0.130658332382048,0.901752610075658,1.15296510316003
41_29,v3.2.3 iter,0.988633356709173,0.901279442294414,9.63366304630183,0.418329054871326,0.896935229473075,1.23402756209489
41_31,Observed,0.985672369829892,0.969087835902455,9.49711475409836,-0.198943793625151,,
41_31,v3.2.0,1.00365754901218,0.901549374111035,9.90312709228255,0.210534789736652,0.886176263369513,0.82353277869905
41_31,v3.2.3 iter,0.986649692164955,0.889095049512714,9.50845555109631,0.520529476984453,0.879217357864534,0.915370381072739
41_32,Observed,0.985977616470772,0.952352262267929,10.467737704918,-1.18001756411695,,
41_32,v3.2.0,1.00004898152338,0.917556131690984,9.93403397148161,0.163293866337449,0.885682649047643,1.32320325121247
41_32,v3.2.3 iter,0.987230932298518,0.898188827235645,9.58612009903194,0.448193587229343,0.879956846130166,1.40684914180915
41_33,Observed,0.9188497771228,0.939637474882317,8.40994262295082,-0.0600995313300689,,
41_33,v3.2.0,1.00606724513369,0.891367069424557,9.8131839359668,0.24656520472583,0.882736404830031,1.08083959241462
41_33,v3.2.3 iter,0.993737287995832,0.860709934892979,9.37479422001617,0.698966123055123,0.874218447876567,1.24418592946117
41_16,Observed,0.945542356060628,0.904946986227323,9.92675409836066,-1.52556674444482,,
41_16,v3.2.0,1.0191937946697,0.923688334001785,10.2185585123817,0.0631535267443146,0.899148961590442,1.86390051424005
41_16,v3.2.3 iter,0.989035921361378,0.94170138069846,9.94769754034742,0.0457417596227646,0.891089948960662,1.79887587855113
41_17,Observed,0.94519723589237,0.930664461800417,10.3001229508197,-0.5965503510022,,
41_17,v3.2.0,0.980231138036543,0.869578007865465,9.63662519611296,0.447393698770492,0.896892457267512,0.98566977902856
41_17,v3.2.3 iter,0.977672360677592,0.878538459879192,9.35930345879227,0.759481211177638,0.895474434867856,1.09626592020492
41_18,Observed,1.12095816602461,0.980859442178172,18.3353524590164,-3.61209133460876,,
41_18,v3.2.0,1.0501966031168,0.990082376001212,11.7187145990909,0.447464198541419,0.903137908128211,1.67918889383461
41_18,v3.2.3 iter,0.986816144398008,0.960501281977008,10.2281149463975,-0.0581384441467496,0.895446533665218,0.479017234172954
41_19,Observed,1.17026886687361,0.93033014090198,16.9214098360656,-3.9406896952645,,
41_19,v3.2.0,1.04774459498491,0.933446777209656,12.433682557546,0.0213068987989174,0.913650869676971,2.36274198785389
41_19,v3.2.3 iter,0.985859000958054,0.965002642639706,10.1657612181724,-0.0974065502279712,0.897679760341154,1.36554081246085
41_30,Observed,0.933796218272137,1.07207248625583,14.9670819672131,-3.34104215428089,,
41_30,v3.2.0,1.04784480162729,0.965532795807307,11.7544244966775,0.420262788080492,0.900892708969218,1.86754664492802
41_30,v3.2.3 iter,0.98648941463454,0.96497274230892,10.2454346449903,-0.0955917035816907,0.908449720936566,0.706410999189947
41_34,Observed,0.96103356869502,0.955727230797144,8.62228695652174,0.0495552925441348,,
41_34,v3.2.0,1.00495455813033,0.895405428286057,9.84627228339544,0.205369835228282,0.881310044872082,0.804875936931352
41_34,v3.2.3 iter,0.986731234742295,0.876363231177023,9.42531634090811,0.557716329128823,0.870506872580081,0.914967191204721
41_35,Observed,1.02526994400044,0.961506789885762,10.2640901639344,-0.51549297395302,,
41_35,v3.2.0,1.00235681291685,0.928009667948455,10.2090069430485,0.0729715913264592,0.889314102466183,0.912485717021408
41_35,v3.2.3 iter,0.986134807554916,0.929870772546197,9.82830945370284,0.208918757426961,0.886631870041325,0.889702399690448
41_36,Observed,0.936987740675824,0.893805500347128,8.31905737704918,0.127080796538784,,
41_36,v3.2.0,0.984553443563781,0.872547589768522,9.29275093435924,0.368169214816869,0.893276056069296,0.843895350301825
41_36,v3.2.3 iter,0.961663523140895,0.777789574237317,8.47824792410452,1.13458563073191,0.890913276283913,1.00877056490418
41_39,Observed,1.17369825855378,0.885672429859048,16.1578852459016,-1.7023372362481,,
41_39,v3.2.0,1.04597727856437,0.961469149183503,11.6688256698768,0.333885519525381,0.931905026684697,0.920817503883942
41_39,v3.2.3 iter,0.98678529499405,0.963494795910009,10.239354947609,-0.0570882947449136,0.926250529421628,-0.137892951233352
41_40,Observed,0.901361641297385,0.850251965360965,7.70148360655738,0.0409742391617344,,
41_40,v3.2.0,0.983701542034002,0.870418383519486,9.32732978685056,0.351336272418207,0.875279228405526,1.28663998041252
41_40,v3.2.3 iter,0.959099648968088,0.78132620565522,8.42429113473134,1.21172128373396,0.874820008368859,1.5053136953721
41_42,Observed,0.834334390814038,0.810543055236072,6.89265573770492,0.447556206374849,,
41_42,v3.2.0,0.979826414011765,0.878381096320121,9.18637439026066,0.35558000319502,0.880167291201374,1.18157976022687
41_42,v3.2.3 iter,0.942162493323415,0.764846420050572,8.2110397566987,1.11430711189598,0.881047023391297,1.25257019261221
41_43,Observed,0.897824550056328,0.870348146164404,7.83554918032787,0.274966042440423,,
41_43,v3.2.0,0.987198039623658,0.875834317652981,9.37482681467199,0.305496373963794,0.891305375689531,0.977032529206581
41_43,v3.2.3 iter,0.965404902184911,0.799162628866409,8.64286637916954,0.98184291056346,0.884955669851304,1.11957508128133
41_44,Observed,0.941921639229814,0.864121235764923,8.39869672131148,0.233884075227308,,
41_44,v3.2.0,0.983418634789446,0.870504431399788,9.4126715629017,0.379010260359697,0.886385698537366,0.925167588942526
41_44,v3.2.3 iter,0.971033643046735,0.810017410651803,8.71360411232624,1.17393284664197,0.884734343803271,1.22095741136884
41_45,Observed,0.964866520349486,0.869029534815364,8.80636065573771,0.217080796538784,,
41_45,v3.2.0,0.997046635675345,0.878294289283438,9.59481956711477,0.273401566199532,0.892565700169701,0.777230145725406
41_45,v3.2.3 iter,0.986300121267057,0.813432934526726,8.96736790609054,0.990303727224287,0.883954244476505,1.01170944108606
41_47,Observed,1.0420487464041,1.06669476102889,14.8916557377049,-3.94699297395302,,
41_47,v3.2.0,1.04331969334861,0.999384102874918,11.4840686813875,0.173410819159491,0.910216368083757,2.37621855362847
41_47,v3.2.3 iter,0.987318322788192,0.964426782297114,10.1935506714291,-0.0920493804647179,0.905658421206406,1.56665078031892
41_48,Observed,0.952682018115965,0.9678499887029,11.1215409836066,-2.30243559690384,,
41_48,v3.2.0,1.01900299534544,0.921623755017667,10.365464269024,0.0425204152877573,0.88752454333748,1.91909713631356
41_48,v3.2.3 iter,0.988860272943557,0.94631941760591,9.99244043683655,0.0133956669808198,0.880928651536289,1.81745893656965
41_49,Observed,1.17449009131475,1.08603055440707,18.5590983606557,-4.41030444936286,,
41_49,v3.2.0,1.04215994434135,0.970508783720083,11.7056923384366,0.164491733207855,0.88758528310144,1.82609311330874
41_49,v3.2.3 iter,0.988611943897286,0.963843988746758,10.2124281582875,-0.0947407296793711,0.877322073194851,0.916443931606389
41_57,Observed,0.957508515591162,0.935296847529409,9.07340983606557,-0.62199297395302,,
41_57,v3.2.0,1.0038422046672,0.895569414399423,9.83017260034791,0.194426087718982,0.88961102673082,1.33241863670739
41_57,v3.2.3 iter,0.985374096540797,0.876013213509521,9.40060455029914,0.54788338346458,0.878919051595383,1.43591503033577
41_58,Observed,0.948063598195765,0.892657313608723,9.76066393442623,-1.1347634657563,,
41_58,v3.2.0,1.00939672488288,0.908048164507523,10.144681084296,0.130468517263391,0.884358389816756,1.60822420627724
41_58,v3.2.3 iter,0.98613235652679,0.92690328340006,9.80245023977925,0.203779412261665,0.878990448403589,1.57532454438822
41_60,Observed,0.966926855176617,0.86115765786563,8.9125,-0.108525760838266,,
41_60,v3.2.0,0.997473136770664,0.877891100419443,9.57737441523316,0.322700657859848,0.894693965117512,0.974837535831474
41_60,v3.2.3 iter,0.980466251798758,0.841074503153691,9.10745882810206,0.80742741103128,0.887751739538417,1.14275586768492
41_38,Observed,0.865998239763056,0.898605368300661,8.00437704918033,-0.341591334608757,,
41_38,v3.2.0,0.978886834383382,0.874856799975697,9.31054863868517,0.317311025500402,0.894739605114768,1.3139570147448
41_38,v3.2.3 iter,0.949462025431666,0.792989852521277,8.43611763277727,1.08084150243163,0.892427578843591,1.48404572452325
41_46,Observed,0.91257768918441,0.864450570468721,7.93526229508197,0.116236534243702,,
41_46,v3.2.0,0.980448680277215,0.870225527330468,9.29528155923475,0.366328039574514,0.890247713140379,1.13047670503221
41_46,v3.2.3 iter,0.958850983695037,0.789866499260697,8.47791024501038,1.1240157640525,0.888172627160183,1.31476723123376
41_54,Observed,0.925867849183838,0.875380412883746,7.97379508196721,0.069933255555177,,
41_54,v3.2.0,0.974923262461283,0.878131273713426,9.03337872614626,0.377399882332223,0.899174269697568,0.981131714785032
41_54,v3.2.3 iter,0.937567696667531,0.784286764464449,8.34381378674116,0.837750794457608,0.898256258077696,0.939385211519589
41_55,Observed,0.998670949173448,0.877464172136628,10.0903606557377,0.00160538670271802,,
41_55,v3.2.0,0.991063845066578,0.871660288532496,9.60254112036831,0.405748170500259,0.89462631086654,0.871550100834198
41_55,v3.2.3 iter,0.98948069007388,0.845655899702068,9.19495270311712,0.940414211539916,0.890842798569853,1.12094658731286
41_56,Observed,0.98962950558192,0.879512885317635,9.06874590163934,0.145826698178128,,
41_56,v3.2.0,0.992166497019204,0.87285608953095,9.51597622745337,0.357289305664244,0.894808352254122,0.710831797132524
41_56,v3.2.3 iter,0.983394211122181,0.813265049991664,8.88905809651501,1.08455143343936,0.893087388679492,0.978147638026571
41_59,Observed,0.939616252405289,0.828230784049101,8.56079508196721,0.0274660424404229,,
41_59,v3.2.0,0.992224860641666,0.870439269841046,9.38847426117444,0.384554003105789,0.889713733058169,1.1876900049863
41_59,v3.2.3 iter,0.978781815201462,0.80757531561332,8.85182615186347,0.986092739417905,0.884804895063526,1.37304669268722
41_06,Observed,0.970803092915389,0.875123236615715,9.89048360655738,-0.491788055920233,,
41_06,v3.2.0,1.00798520531706,0.905194008540207,10.1529282543581,0.194037410052673,0.885148837535913,1.05696915386388
41_06,v3.2.3 iter,0.983129383844314,0.91231428520306,9.72630954172518,0.395110223131878,0.881341998329828,1.07983975733878
41_37,Observed,0.977003271256459,0.925775849608745,9.28201639344262,-0.27232903952679,,
41_37,v3.2.0,0.993700089801085,0.884026480101774,9.46370213859729,0.300095148380647,0.907930587061869,0.835300190189568
41_37,v3.2.3 iter,0.979576006979823,0.804915151028738,8.86262940265476,0.929278998624828,0.900430503549935,0.996834415983981
41_52,Observed,0.987826437800857,0.922253390969275,8.69409836065574,-0.106304449362856,,
41_52,v3.2.0,1.03162837601099,0.885280774858911,10.2823996622054,0.204329443759606,0.902613812234851,1.11189348484962
41_52,v3.2.3 iter,0.990955173034589,0.952985948336431,10.1055062716124,-0.0738723004450564,0.883645555776054,0.922212740018793
