id_plot,src,slope.all.JJAS,offset.all.JJAS,slope.day.JJAS,offset.day.JJAS,slope.night.JJAS,offset.night.JJAS,DTR.all.JJAS,equil.all.JJAS,slope.all.hot10,offset.all.hot10,slope.day.hot10,offset.day.hot10,slope.night.hot10,offset.night.hot10,DTR.all.hot10,equil.all.hot10
41_01,obs,0.891916860515774,-0.626852099309225,0.958806741864373,-1.17091769559268,0.959170224129792,0.314628229193326,9.36976229508197,13.3493164707165,0.794844408773926,-0.743487995636792,0.779984736292684,-1.63139755170776,0.894693974387181,1.39725529910354,12.7718461538462,20.4566441318392
41_01,v320,0.943551571571998,0.118337527502575,0.989776139653073,0.2254527803185,0.885202166531294,0.0297699840466083,9.66596330993302,21.2525761034412,0.944881379392279,0.0379979316972002,0.655266041733536,0.405530327726674,0.763423655059967,-0.190391206440875,14.1648167704232,24.7700489407701
41_01,v323,0.91912330333632,0.258779729983405,0.978557370737643,0.206544493769302,0.872653662269156,0.311789278729693,9.30080299109697,22.3558753125758,0.912098445020968,0.190374580301628,0.588246853063167,0.353807190896845,0.760484968488337,0.11222675862793,13.7843622716306,26.2464346141406
41_02,obs,0.927588670759983,-0.639387276904853,1.00446901484797,-0.841311138215635,0.952792739868826,0.138296261980211,10.0104180327869,10.3191036311562,0.838747134696662,-0.74619953409833,0.895766838642156,-1.12047447478468,0.838300603557108,1.17115273500098,13.5701538461538,19.4531524955276
41_02,v320,0.958390466366398,0.0633274972630149,1.00333068861145,0.255080849918401,0.893111237446183,-0.0922610859378557,9.84377719003264,20.6781398889167,0.961578473280517,0.0438188685570459,0.658124491935238,0.531671845219863,0.777165501078345,-0.29143747336512,14.4385280846893,25.221141304459
41_02,v323,0.925165216723946,0.197605412106174,0.986384483468908,0.192379319418889,0.874172374609999,0.218628380444472,9.36487042405979,21.7967487529651,0.91707137168421,0.141698008097713,0.557300379362893,0.373872971878216,0.763731520787383,0.0146991436278231,13.919844297134,25.7893384831521
41_03,obs,0.822652379404303,-0.990026962697203,0.93953029179145,-1.86587397974569,0.891439131139267,0.235659649958353,8.6498606557377,13.5666288389075,0.747311151825552,-1.39850402127782,1.00784463524373,-2.47010267991288,0.76486924115734,0.956280940129184,12.3079230769231,18.5461738109289
41_03,v320,0.927342364127343,-0.0593741461727214,0.986321321946035,-0.0872675486418769,0.869731205559758,-0.00322181223646937,9.37192956022315,18.3390161097631,0.920608686636225,-0.152085062129863,0.689216450842952,0.0286024847151677,0.757128677279808,-0.174049286413618,13.7825743609286,22.1650257060852
41_03,v323,0.899499147441279,0.0494407244154497,0.971618796138177,-0.0753277472087319,0.834285474647688,0.21989280320792,9.04290718072493,19.648136405478,0.897890127531097,-0.0849892649594275,0.572530811274457,0.0312152842613456,0.714440613152193,-0.0148677136690102,13.5142484782349,23.2483327616017
41_04,obs,0.755191329271636,-1.39884868400868,0.897421116026382,-2.68280567373476,0.880907644048982,0.163002546133217,7.58430327868852,13.4349891210542,0.642675771944031,-1.8439944058932,0.847232537920337,-3.49307703888724,0.665028513418839,1.03933222218047,10.6793076923077,18.9201006743592
41_04,v320,0.903748641788073,-0.159911306280839,0.969403460616714,-0.361516691947895,0.871642005249703,0.0304040778173159,9.0052887963467,17.4948003473437,0.889082354923253,-0.280338776417268,0.715201151079508,-0.374806722005208,0.746938823968836,-0.100559723682893,13.2827641413762,21.5532145087779
41_04,v323,0.787916869287986,-0.134829205026059,0.904408862275779,-0.834484413021901,0.737295655419916,0.694121269330586,7.59520383741035,18.5204555451495,0.789169907525803,-0.596175071520683,0.557659725936981,-1.16817415677584,0.625250651753324,0.394676404121595,11.7595496544471,21.2529129613354
41_05,obs,0.743741062196904,-1.28246275504693,0.883408776072545,-2.50849419832492,0.832112634103464,0.292465660887315,7.62737704918033,14.1444797441791,0.705779003783504,-2.04313222640602,0.834715916181723,-3.34643601324622,0.840918465492555,0.509614273462518,11.4596153846154,17.1364548137835
41_05,v320,0.92460814877669,-0.071763195262916,0.984082930706009,-0.120314766269154,0.871596176406149,-0.00796875866617523,9.32877666740586,18.2043236843781,0.916226126515491,-0.16403233004823,0.687796336002215,-0.0265628609535064,0.758142033553097,-0.168272858722805,13.7207377391768,22.1226274432261
41_05,v323,0.851070871148424,0.131413306725752,0.959078770465417,-0.196605955622651,0.774393088908462,0.627862944929459,8.42144975778689,20.0385812774066,0.856757380761237,-0.121414219226059,0.468278874790373,-0.139425004123881,0.654734725448579,0.387219982330155,12.9347270716523,23.2330518850124
41_07,obs,1.14439143652388,-1.01616050094857,1.12243506794708,0.706284490199666,0.879382884193203,-1.64606302763728,15.2729016393443,26.1865778276275,1.32663825162433,-2.2561835084573,1.6554783579739,0.842025525215322,0.902644137970635,-3.11080880346056,21.9357692307692,30.987949316221
41_07,v320,1.05230325258309,0.602630465710301,1.03435979132869,1.50947233983807,0.939919088262249,-0.200497967205485,11.3533260794177,7.63433858029465,1.06663607863744,0.553523555131404,0.492614010681319,1.88670921653175,0.868890493066668,-0.60889676662083,16.2761000583164,15.7739996832256
41_07,v323,0.981860426214445,0.0638288290152652,0.987506682379201,0.329103372939145,0.963157893761031,-0.328237317668544,10.1863369319568,22.674954304846,0.96524720526783,0.0971986627879336,0.659815571952504,0.463838606157381,0.858097027247401,-0.520487423717938,14.5831882454428,26.877523164492
41_08,obs,0.799350583235175,-1.23174451734201,0.901873629980026,-2.12084938958176,0.843306624694938,-0.0339496396591331,8.37554918032787,13.0102484687831,0.792783502067089,-2.10164825204705,0.860074313728071,-2.93166678247699,0.880749644690877,-0.198283162434919,12.4306153846154,13.9383818194281
41_08,v320,0.923409753357735,-0.107037154817749,0.986720590314606,-0.196328649087284,0.8836073332945,-0.0102143175490898,9.28894562688791,17.7586632362453,0.908282073267506,-0.147809534024827,0.706953338288088,-0.0829608615303324,0.759829911231639,-0.0972681315398405,13.6404990906077,22.4690978228997
41_08,v323,0.881976572235824,-0.0519459184092932,0.972186402433356,-0.235333347939604,0.804658869452589,0.252202339323424,8.82032915367852,18.7160608085849,0.887871714530298,-0.230323195348388,0.526640529270938,-0.0921141133106559,0.681151846945691,0.0108534012143662,13.3789177286857,22.0265599597314
41_09,obs,0.68687823864067,-1.41538147089392,0.870429331256694,-3.02939310542875,0.826809111072798,0.522505278373654,6.82840983606557,14.6288107929433,0.597741532481216,-2.02559055973936,0.799277049869783,-3.93826934657955,0.797844526997402,1.22151170935995,10.511,19.0451194146212
41_09,v320,0.908400788951685,-0.133963094047708,0.973909779494598,-0.299620206238794,0.870876295212948,0.032283500775899,9.08386055367892,17.6937012829803,0.896306883630725,-0.250611525315505,0.709253785562431,-0.281284821339143,0.746948769133593,-0.11718984750601,13.3913808969351,21.6638063984917
41_09,v323,0.800788780942118,-0.0709801632821845,0.915877624188765,-0.694577743446892,0.745549105244093,0.690253688864512,7.76145734943327,18.7998870185629,0.802254762242691,-0.486545758369641,0.534400129200702,-0.949962126903045,0.632818506477647,0.40489509778145,11.9901498647837,21.6201966381752
41_10,obs,0.688800714380485,-1.2533462932983,0.860548018136282,-2.84362124750525,0.821520656520803,0.634309923182397,6.83462295081967,15.1215662642633,0.611277591028805,-1.91954889307269,0.766799469265035,-3.7786155004257,0.824031167311691,1.22876811961636,10.5029230769231,19.1425674539083
41_10,v320,0.909878708185208,-0.133008152511294,0.976663479438887,-0.295795836735293,0.872317300262991,0.031535861916738,9.08490640608991,17.6803137340085,0.896328242328448,-0.226622850466997,0.708337996551619,-0.25921396108774,0.748612228687045,-0.0901696620843349,13.4058344914363,21.8946991165209
41_10,v323,0.831502335262346,-0.0761811470871337,0.934378273802309,-0.54714257078744,0.772151796360589,0.516232048975278,8.14151901495261,18.7040731735465,0.832635997180009,-0.403253212953225,0.557346462205702,-0.690588535406651,0.661615290121559,0.243062728490585,12.4511507474459,21.6712261299464
41_11,obs,0.712382551843855,-1.19029301460977,0.885587017921418,-2.67646414368012,0.849012832240934,0.637420578920102,7.16832786885246,15.0105788995477,0.620895761504179,-1.72501684179064,0.789544903041419,-3.51102575683596,0.839634119440621,1.44253735038559,10.809,19.5304201320805
41_11,v320,0.89873020458942,-0.190695595105706,0.965725659412997,-0.434057892345991,0.879577724790023,0.0253629919600813,8.94942186699539,17.2731479416848,0.877033984783673,-0.296881944705278,0.719264358496286,-0.472618689903846,0.746665258857781,-0.0656566130809295,13.1581726074219,21.6663228502376
41_11,v323,0.755571981362141,-0.313663349686138,0.873276647959521,-1.19209327072394,0.72415142817616,0.655904816927975,7.24000149085873,17.872938593195,0.751360394038803,-0.883821731958634,0.557618825251591,-1.73080522586138,0.622457603826258,0.356165568033854,11.2079420823317,20.5260345615497
41_12,obs,0.790240083782082,-0.83822675777917,0.920040979053626,-1.78830703985498,0.851986652093201,0.567882327553982,8.16949180327869,15.1529133084071,0.70055804340871,-1.298116200765,0.822206002760466,-2.46896165427186,0.733260417691345,1.35812709397534,11.4697692307692,19.7455463284796
41_12,v320,0.938035027505265,0.0143893535672081,0.989590034620451,0.0640493534663024,0.879033318002886,-0.0220333593824521,9.52020778294938,19.3884106135215,0.938531339993621,-0.046458979974372,0.675703844271273,0.220614907215903,0.767604614587564,-0.228366511088648,14.020705312853,23.3248485502986
41_12,v323,0.898415675495972,0.248303312911663,0.98365693185736,0.132334912565295,0.826551196921514,0.458772993186306,9.014543975748,21.6005004406197,0.898828562208243,0.14293515615186,0.503737347174864,0.336005237510482,0.706771973335104,0.247586307539216,13.6092573788414,25.4934657488508
41_15,obs,0.928906590759387,-1.00865606105786,0.984113368244932,-1.30209255898066,0.905975433208171,-0.417741989385909,10.0082950819672,4.96128023828487,0.950102347413257,-1.44477325204705,0.882700794884917,-1.46369242350263,0.918135045648692,-0.421642136793893,14.5110769230769,-4.87406960554261
41_15,v320,0.949764635161726,0.0744955954468183,0.995775492952396,0.222092034816396,0.877328294928035,-0.0287035390457405,9.76562057382756,20.6391243832687,0.951653896690417,0.0157951493007099,0.657145775205098,0.443801653297125,0.764112084184076,-0.243747937013,14.2855570296485,24.4073741512751
41_15,v323,0.919245853081139,0.263259888529089,0.991516485500867,0.252125412211399,0.849511238868908,0.332356342363854,9.30446563734141,22.4162100318895,0.918324293420651,0.200339529896995,0.511130933588974,0.512220266917689,0.725099814232607,0.13442597448509,13.9337592019905,26.5335298638873
41_21,obs,0.893812141687648,-0.737888301495017,1.00476422347647,-1.10642452619378,0.874549202794634,0.1598836936742,9.49538524590164,12.2001426674547,0.872872543041984,-0.975007226406022,0.906740804642167,-1.18994883375904,0.853808512941858,0.662409145257389,14.0712307692308,16.4111391433339
41_21,v320,0.941355130309041,0.0859231951702933,0.991313333244011,0.179443665654739,0.877109899841317,0.01720738365829,9.59890139083924,20.6213373485371,0.943640205483799,0.00490871889772338,0.658824547728406,0.357776227089463,0.759126785483753,-0.206187333091797,14.1304836607613,24.1677603883082
41_21,v323,0.92163510698459,0.208124613002043,0.980257669452084,0.168573398418146,0.873438833022272,0.244718124113265,9.33084570601228,21.8120330151323,0.913614507575104,0.146917055202625,0.59775727170414,0.318963393528547,0.757205940352131,0.0440478106140475,13.8167914886313,25.7813787272854
41_22,obs,0.845282099635139,-1.08339376597589,0.977030477484359,-1.607882176467,0.856109520998398,0.0289998138927794,8.84750819672131,12.1466563739347,0.818896395774638,-1.56710017512397,0.772777403348705,-1.8665513978616,0.83358352538304,0.394973247821491,13.2171538461538,15.4276052630595
41_22,v320,0.950790111846034,0.0684672171556682,0.997565923856292,0.206475687461785,0.888483762623238,-0.0469692667146661,9.7033508784971,20.5475235490414,0.947210346072469,0.0572721555562106,0.661043524139936,0.431385621781425,0.791805635970818,-0.206323340163197,14.2739970872283,25.1655767803319
41_22,v323,0.922768465992262,0.214071236116771,0.988537725646149,0.209807603174161,0.860076798775083,0.25393473051449,9.34417381455558,21.9280043389207,0.918460009094236,0.156022053102289,0.532565158215086,0.42667758320543,0.737959959078703,0.0511990131432688,13.927097884125,25.9941063981637
41_23,obs,0.763788429003531,-1.22703208564802,0.893699799402125,-2.34399009996427,0.863733104690804,0.256603639029392,7.81620491803279,13.9544063142479,0.69334057732001,-1.90727966230346,0.916287556118558,-3.24184626965647,0.817787546715177,0.767255299103543,11.4499230769231,17.8611271585114
41_23,v320,0.936628399892149,-0.0658127816379669,0.992369074050264,-0.0446864096535766,0.88504468163392,-0.0681905842994121,9.48972185826017,18.1176713758481,0.932328164217106,-0.109091568983683,0.702634593285187,0.133507449594675,0.776236671013428,-0.216779843651624,13.9756603364652,22.4685967503094
41_23,v323,0.887527274995519,0.073550173777141,0.97499176314284,-0.093623194853003,0.818371154829075,0.347034445819209,8.86690866342399,19.8101309381366,0.890308065232456,-0.0788980777068768,0.53630574789488,0.0443096342458008,0.712958764687014,0.113143594611188,13.4294243823269,23.3613946442908
41_24,obs,0.80140958510537,-1.05797539165895,0.937012609737634,-1.98021004531946,0.865292642749735,0.281137792034856,8.34944262295082,13.8216136440164,0.755294700450365,-1.55822838025218,0.860476978968539,-2.49503857734878,0.914162537605684,0.794127093975338,12.5333846153846,17.7128889041265
41_24,v320,0.931805978280538,-0.0674210531701131,0.988308162029681,-0.0728822761073737,0.880694817400076,-0.0392056370727881,9.41950623715354,18.1675279153847,0.926241617947881,-0.148038934903836,0.694876545107468,0.0615316370580264,0.7698397236589,-0.210563980607817,13.8656200757794,22.0735848002772
41_24,v323,0.869698078193222,0.0980698856493668,0.964212384305757,-0.159015654203001,0.799547854948359,0.475123634635394,8.63899863286476,19.9088288298006,0.871976262130604,-0.108677259440049,0.519312999069121,-0.0912204423757576,0.685671449895275,0.232593372337065,13.1375723739672,23.2317806155744
41_25,obs,0.745461420314576,-1.17521377963709,0.913400255311129,-2.47064447154897,0.84299023227131,0.473514841215184,7.43112295081967,14.5320019158568,0.677423021435437,-1.65804248281628,0.824124473896261,-3.10535909016929,0.828694384923631,1.11278094012918,11.4122307692308,18.9406741575176
41_25,v320,0.916114462273132,-0.102144465964665,0.978318179098562,-0.206905694812609,0.871815975503236,0.0153761667236225,9.19463687387686,17.938528278706,0.908107856748855,-0.217647978213688,0.698661928273906,-0.155899172629605,0.753203314228801,-0.145991899082515,13.5586235283657,21.7121486406238
41_25,v323,0.831664414728087,0.0465134747436366,0.94169252861342,-0.413945028534979,0.766886925907788,0.64578897468659,8.1589380650899,19.4325070473534,0.835434669018331,-0.2649142307744,0.530942560503135,-0.495883308582796,0.659552490142983,0.3790971332195,12.5252628136592,22.4708827447603
41_26,obs,0.801971143699977,-1.16172607471906,0.946800183684505,-1.9387646901282,0.837553477283314,0.141833147226113,8.28789344262295,13.2825894536638,0.765648668659489,-1.72108094435474,0.731076513788905,-2.33853857734878,0.818938783677038,0.537704017052261,12.7302307692308,16.7366439364765
41_26,v320,0.925814062046458,-0.0380738285088164,0.9869539809556,-0.0684982883474214,0.869897290629445,0.0176356485445205,9.32984649157915,18.6429714352324,0.921763268991763,-0.131493201622596,0.682345768638439,0.04931640625,0.753168796172791,-0.15715809357472,13.7781841571514,22.3999549749346
41_26,v323,0.865806057235386,0.177181595902042,0.96767764555801,-0.0929750119402109,0.793044436301872,0.596074519745291,8.57765022653048,20.4765328150971,0.870505937661596,-0.021151126959385,0.494441794453212,0.00744276780348558,0.679584135408861,0.364248813726963,13.1167696439303,23.9173276228837
41_27,obs,1.08496393762768,-1.17672846542944,1.00739572876519,-0.422886274827657,1.01887212847887,-1.38204390195422,12.6631721311475,32.9987781259935,0.984628684507941,-1.269491200765,0.85897793543264,-0.779243705553909,0.596944236580597,-0.307090854742611,15.1298461538462,-58.5076608022845
41_27,v320,1.03283367576271,0.478468725255476,1.02354870534548,1.18324536620362,0.944925497676414,-0.206844530131779,11.0294394571393,4.58369352274911,1.02939853049767,0.458977162781302,0.543359050054682,1.48252681743666,0.8341284212824,-0.494335322494671,15.7753284172806,8.46841580772947
41_27,v323,0.98108470689337,0.0881664267437076,0.987034396762342,0.36327659131906,0.960137066550867,-0.302928025100968,10.2022236772101,23.8173117894559,0.964318531189675,0.089134359177432,0.645229851533387,0.480309596124242,0.842805501225732,-0.520601523791241,14.6846482283518,26.5787217329803
41_28,obs,0.916031961751557,-1.48054984521086,0.933291048387965,-1.69449556444514,0.957258309768481,-0.85038543200886,9.98851639344262,1.51673545736441,0.82248381585276,-1.94629568794448,0.859893078278338,-2.36441037222058,0.591562047252857,-0.136052393204149,12.732,13.116617831477
41_28,v320,0.966657121639382,0.0257927643242779,1.00450850002872,0.246135054379,0.917176071682316,-0.201522693969781,9.94724242098564,19.9297544918783,0.965895759490933,0.0192626500062315,0.650442560550322,0.524683417896581,0.807726652662208,-0.408108659004417,14.5608433353027,24.6454811367848
41_28,v323,0.94533284568405,0.0576440020315824,0.985084983690763,0.144709918233855,0.909034088954874,-0.0696802656926407,9.66841853677971,20.2106471177272,0.934596487323302,0.0352179039427167,0.608227218404072,0.32318581043095,0.800869404124723,-0.272477297860764,14.1647509837438,24.6191354163377
41_29,obs,0.924963466093417,-1.08213625231469,0.974675832642808,-1.11386578302438,0.936988087704077,-0.434151825451483,10.0861229508197,4.72757949031522,0.85600681533246,-1.50067068794448,0.684171682579207,-1.48564114145135,0.707727856731265,0.192332222180466,13.2515384615385,13.6588468048034
41_29,v320,0.96790733180986,0.0708752436401627,1.00364832279937,0.307074805476656,0.918856958239763,-0.167601053646118,9.99251032473099,21.3646490103889,0.966243364986441,0.0636005395579806,0.631990178803963,0.586133184851662,0.8053398389507,-0.374443946279487,14.5856048394934,25.9647543101348
41_29,v323,0.942133614637566,0.151937702575015,0.988633356709173,0.236258163027509,0.901279442294414,0.0493091746309109,9.63366304630183,21.7818573782965,0.933514164972363,0.125067028552385,0.55389939768119,0.451772701476142,0.790212632443792,-0.1436957828227,14.1895105625422,25.9617721633062
41_31,obs,0.89705246754734,-0.741956949036001,0.985672369829892,-1.17316769559268,0.969087835902455,0.18855719094196,9.49711475409836,11.9419010972212,0.796157129267286,-0.820981585380381,0.931336258493195,-1.42179498760519,0.736471905175116,1.33003735038559,13.1010769230769,20.0531425771283
41_31,v320,0.963157794896651,0.0814094263562119,1.00365754901218,0.300246147550262,0.901549374111035,-0.121374503536606,9.90312709228255,21.3658715136504,0.963850015085778,0.0509466549854654,0.634700051859624,0.566710511117472,0.784064637345195,-0.325789668257963,14.5276503696935,25.489977590165
41_31,v323,0.934002785342353,0.173247028729901,0.986649692164955,0.214004872308471,0.889095049512714,0.12953947705621,9.50845555109631,21.7812588362896,0.92654107662897,0.132717793339608,0.563284567172526,0.412051141047148,0.779202632814578,-0.0673441847620014,14.0552643511822,25.8873582400985
41_32,obs,0.948152014357763,-1.25104301460977,0.985977616470772,-1.24607616553804,0.952352262267929,-0.735082153320335,10.467737704918,-4.98001937282807,0.897619449687605,-1.73459696999577,0.918632090025108,-1.59087191068211,0.666951616024922,-0.240949829101585,14.0083076923077,7.13802268509075
41_32,v320,0.964079003519761,0.072642441590072,1.00004898152338,0.285733539953422,0.917556131690984,-0.161247032639712,9.93403397148161,21.1784766585236,0.961985016108346,0.0502112875110167,0.636940515868411,0.540718206142186,0.803337739059021,-0.368163234013518,14.5232941563772,25.4014931291253
41_32,v323,0.938446210952367,0.156288332186746,0.987230932298518,0.21999046600371,0.898188827235645,0.0738537215135419,9.58612009903194,21.6952460630633,0.929162036945227,0.125990807230855,0.561826619457367,0.424156314120547,0.786618994499836,-0.12175199121543,14.1311054185114,25.8592417776289
41_33,obs,0.818619739664029,-1.02605291898136,0.9188497771228,-1.87226878848886,0.939637474882317,0.249447901324473,8.40994262295082,13.4921217692488,0.689446257453166,-1.29225722640602,0.697336497646905,-2.50607703888724,0.632253757054503,1.36646042730867,11.2618461538462,19.9195254815226
41_33,v320,0.958560284777564,0.0541882154648048,1.00606724513369,0.242481511809872,0.891367069424557,-0.100204870043053,9.8131839359668,20.4638327403223,0.963281291010194,0.0463840953786923,0.665372099372004,0.538183915545199,0.777674841110906,-0.293711614182764,14.4593340935752,25.3438921158881
41_33,v323,0.924017785123966,0.217534552511359,0.993737287995832,0.238265006511933,0.860709934892979,0.260374984832722,9.37479422001617,22.0191597922203,0.924437799528423,0.163366012589577,0.501757953786991,0.51594035876405,0.748239335906158,0.0554830103451095,14.0445540500191,26.2426713601978
41_16,obs,0.914811918664992,-1.77696207198682,0.945542356060628,-1.88542999067465,0.904946986227323,-1.2544469074187,9.92675409836066,-1.71024246939224,0.918041583431707,-2.60939184179064,0.986703376834784,-2.54834626965647,0.872025402554781,-1.42718059833235,13.9102307692308,-7.75733297810718
41_16,v320,0.985134853515911,0.0864753847270116,1.0191937946697,0.440275061120037,0.923688334001785,-0.249022067037633,10.2185585123817,24.9735178337135,0.987136545560693,0.124340269033588,0.611397732833351,0.834098550579845,0.803829381378957,-0.4328236418564,14.953068701991,33.746828963096
41_16,v323,0.964609188025883,0.0214507490380887,0.989035921361378,0.190451685794205,0.94170138069846,-0.244967134726482,9.94769754034742,19.7623037500244,0.949748012830709,0.0327483165535082,0.650015212713491,0.368575137885173,0.834941287598843,-0.437991835593359,14.3939236919653,24.7323462986033
41_17,obs,0.941110574886164,-0.765551211331083,0.94519723589237,-0.997261957887766,0.930664461800417,-0.284884065888641,10.3001229508197,6.14923003394337,0.917635593882154,-1.17375722640602,1.01279513409474,-1.56178216709237,0.88044361592233,-0.0335908547426108,14.1510769230769,9.82988191028245
41_17,v320,0.932882550299074,0.219257294765011,0.980231138036543,0.280028588133432,0.869578007865465,0.177123521778682,9.63662519611296,22.4229634238015,0.929409061001509,0.152935810578175,0.65281929750378,0.383364555163261,0.739318969115292,-0.00212997045272436,13.9443781926082,26.2471719449318
41_17,v323,0.923148462156951,0.329853435941372,0.977672360677592,0.293817864089716,0.878538459879192,0.358029551048801,9.35930345879227,23.4482794141423,0.915643570603463,0.254718193641076,0.599666876361057,0.433390690730168,0.764105928091995,0.172025240384615,13.8185237004207,27.1002111630085
41_18,obs,1.44032992636647,-0.375420746850208,1.12095816602461,2.86104268692098,0.980859442178172,-2.7536381642493,18.3353524590164,20.0016275622004,1.61624386661292,-0.930763636662432,0.549572085708006,3.21926911495891,0.970097568280971,-4.06187290602466,23.4709230769231,25.5910462661989
41_18,v320,1.10194570407911,1.30678427013155,1.0501966031168,2.30897586197287,0.990082376001212,0.330548463139007,11.7187145990909,6.33775916224376,1.07960913246007,1.77383069112033,0.64685233379961,2.83033768909073,0.820379917860629,0.400895221855619,16.3802747174119,1.79891548448189
41_18,v323,0.985011774664333,0.106612610469897,0.986816144398008,0.393451781728784,0.960501281977008,-0.297969349157409,10.2281149463975,26.269284054001,0.97282255922667,0.12469343444244,0.71757035309953,0.516200035491705,0.85773583804662,-0.507806856073926,14.6189851772575,28.6687870329697
41_19,obs,1.3267393372292,-1.32010449001961,1.17026886687361,1.60141700386087,0.93033014090198,-3.16677750851159,16.9214098360656,23.1892752907257,1.50941346143296,-2.41044953409833,1.13651131286691,1.84065373034353,0.992496140261675,-4.70757803422979,22.4792307692308,28.8124778566183
41_19,v320,1.11648700094175,1.04443784261973,1.04774459498491,2.48612024987792,0.933446777209656,-0.183000385859574,12.433682557546,10.1900609356705,1.15310859909701,1.02374116784944,0.391362650442418,3.03870398478965,0.809212127643088,-0.561485758503102,17.555516349889,17.3942915077251
41_19,v323,0.980335900671133,0.0472366672266939,0.985859000958054,0.290749988335351,0.965002642639706,-0.339265454031025,10.1657612181724,21.5583710939168,0.963644320703424,0.0717974334992177,0.706803602401238,0.407377497876162,0.857345614175709,-0.539866075044864,14.5340873291686,26.0555258368273
41_30,obs,1.21340052361763,-0.620642399855673,0.933796218272137,0.766632850855403,1.07207248625583,-2.21566821889411,14.9670819672131,22.0573831446813,1.11422333227819,-0.685007226406022,0.454983838954044,0.00138449957429634,0.785029419247673,-1.71264213679389,17.1433846153846,30.0777509739307
41_30,v320,1.09176948093683,1.25014885649496,1.04784480162729,2.29563202237348,0.965532795807307,0.290225765402637,11.7544244966775,5.53348491538966,1.07005181960663,1.64222582209923,0.653349449532779,2.80898565179153,0.783862026803925,0.460729493026616,16.2251454681653,0.637649787543572
41_30,v323,0.985747313870078,0.0890132107568828,0.98648941463454,0.371097640883169,0.96497274230892,-0.324510895991163,10.2454346449903,25.4015569245976,0.972620463535497,0.125345938692283,0.716829374904556,0.490557214786947,0.856691952651578,-0.525421526345379,14.6290776512727,28.6587526925444
41_34,obs,0.843058445137573,-0.780942346191429,0.96103356869502,-1.51953574643345,0.955727230797144,0.421443227751336,8.62228695652174,14.4026374325422,0.736659368418224,-0.817032867431663,0.835912409966081,-1.82466678247699,0.714519640769218,1.59615273500098,11.8592307692308,20.9780938064163
41_34,v320,0.960511751975647,0.0303428706676227,1.00495455813033,0.23096106459155,0.895405428286057,-0.129116218607457,9.84627228339544,19.9245956269257,0.962125369425217,0.0193273948851723,0.650031439330235,0.512786028319916,0.78151168518764,-0.320969361121399,14.4785803133149,24.5909635094391
41_34,v323,0.927492251838936,0.143743455261377,0.986731234742295,0.161340390811476,0.876363231177023,0.14457663993844,9.42531634090811,21.138649553052,0.92207753713617,0.0835770755066166,0.550339542144608,0.361454077975247,0.773739635958052,-0.0670313292225634,13.9896343813898,25.1532314481158
41_35,obs,0.954105615461895,-0.782056334281903,1.02526994400044,-0.806552941494324,0.961506789885762,-0.147389530369516,10.2640901639344,2.10868879115661,0.865366046853335,-0.821843764867561,0.971106415640465,-0.882038577348781,0.69278176272803,0.918550170898415,13.7744615384615,17.9763811777759
41_35,v320,0.97664941704917,0.130475146633457,1.00235681291685,0.45330726574595,0.928009667948455,-0.184501100577374,10.2090069430485,24.7438542841595,0.977424121169762,0.111619999837378,0.597901879070878,0.744196731707851,0.804079785510684,-0.421051032796374,14.8132405813273,29.0248793258245
41_35,v323,0.956831335633407,0.107691829302497,0.986134807554916,0.240348780450169,0.929870772546197,-0.106235969908402,9.82830945370284,21.6508690339917,0.942166391414633,0.101237304459388,0.627607693278258,0.407840711860576,0.821528570250324,-0.289965382407364,14.2900413179122,25.8311568880521
41_36,obs,0.813115342926028,-0.904025596576984,0.936987740675824,-1.80810075570197,0.893805500347128,0.409939704603162,8.31905737704918,14.3116927038232,0.71521517499925,-1.20508094435474,0.828354772807801,-2.38530780811801,0.730297380270811,1.339793760642,11.6362307692308,19.849115267478
41_36,v320,0.920946451128418,-0.0613561633533847,0.984553443563781,-0.123012760267667,0.872547589768522,0.00881845688172479,9.29275093435924,18.3800588664953,0.91566131774905,-0.158329373555926,0.687936891797287,-0.0245666426298892,0.756867693723179,-0.149820872573512,13.7106077767769,22.2033599455573
41_36,v323,0.856023850059559,0.103519051248972,0.961663523140895,-0.20519272880008,0.777789574237317,0.566207504513113,8.47824792410452,19.8751944573384,0.862097112433338,-0.133854670324031,0.490787083721455,-0.13973943118366,0.663326490576545,0.324198876147203,12.9942779337313,23.1100198431447
41_39,obs,1.31123296208734,0.249750701237223,1.17369825855378,2.57666973610131,0.885672429859048,-1.37009171616187,16.1578852459016,18.3465820734768,1.44081085364193,0.258729953081157,1.00926204459784,3.21446142265122,1.02701479335064,-2.15794982910159,22.3386153846154,23.4937233007507
41_39,v320,1.09202132694791,1.17108000253222,1.04597727856437,2.16736245921951,0.961469149183503,0.179346699838479,11.6688256698768,6.43001272484942,1.08657745421416,1.53261045925167,0.643326469058356,2.64352611359324,0.822500145616516,0.154976742552468,16.3968985912597,6.37847525904923
41_39,v323,0.986274298453836,0.112369547414924,0.98678529499405,0.404997744394709,0.963494795910009,-0.302888801736235,10.239354947609,27.3429911776085,0.971401640475543,0.142082854034443,0.71738803596192,0.52771713515144,0.857732274224629,-0.502982482114134,14.6280019453865,29.0488812103041
41_40,obs,0.748709293749603,-1.34300408018354,0.901361641297385,-2.58380567373476,0.850251965360965,0.266106371269829,7.70148360655738,13.8046138967444,0.666406186639222,-1.94488222640602,0.879456363978799,-3.4029231927334,0.763915945637523,0.906345042693287,11.4665384615385,18.2505734651146
41_40,v320,0.923312992702286,-0.0584946501258039,0.983701542034002,-0.10413505311935,0.870418383519486,-0.0006801225559308,9.32732978685056,18.3934217476308,0.919098578782769,-0.170005869629565,0.68478404318916,-0.0105689989081328,0.755653045830167,-0.175690666172737,13.7259257023044,21.9792689366462
41_40,v323,0.852683808152205,0.16017906483377,0.959099648968088,-0.174334657203815,0.78132620565522,0.649215819906889,8.42429113473134,20.2435077985001,0.85666708800749,-0.083060792869365,0.488944304918628,-0.1281496360658,0.667118400984644,0.413317557236853,12.914019769276,23.5011686704705
41_42,obs,0.687299808798712,-1.30161234521086,0.834334390814038,-2.82186441690416,0.810543055236072,0.516706098045785,6.89265573770492,14.9865449292766,0.585784356931724,-2.1325553033291,0.778644599714865,-4.0595513978616,0.627339235012817,1.07820401705226,10.0398461538462,18.9322462036329
41_42,v320,0.916918253899255,-0.122502238732512,0.979826414011765,-0.238488448454869,0.878381096320121,-0.00213335280872349,9.18637439026066,17.6817146880727,0.902487061976579,-0.202625359857557,0.703122062302154,-0.178931423598558,0.755127655600025,-0.118199715068473,13.5325711911705,22.0027311955273
41_42,v323,0.833895005177974,-0.0515118063471693,0.942162493323415,-0.475602505618956,0.764846420050572,0.528490375027458,8.2110397566987,18.8460771336664,0.839300748852767,-0.375407427298938,0.506796069275443,-0.53949138459963,0.640292080801853,0.26176782235515,12.6075205725808,21.7445773039226
41_43,obs,0.76866206172822,-1.04951739985567,0.897824550056328,-2.09778381581126,0.870348146164404,0.428495715532124,7.83554918032787,14.6123094687457,0.656478616648467,-1.59577966230346,0.769045419387856,-2.94423088504109,0.610921624267003,1.23561427346252,10.7979230769231,19.4353066969332
41_43,v320,0.926276699776359,-0.0738779044759706,0.987198039623658,-0.112312889650714,0.875834317652981,-0.0105745286263087,9.37482681467199,18.1540959840406,0.919838557401337,-0.155430605076235,0.69649325629815,0.00821746648745512,0.759621658945382,-0.161302190237211,13.7626741609693,22.1416946179925
41_43,v323,0.87030754424415,0.0686646475987826,0.965404902184911,-0.187053467986932,0.799162628866409,0.4452794792359,8.64286637916954,19.6856351834256,0.87400301667594,-0.131352773587926,0.53002637260382,-0.110199416597509,0.688064244252852,0.197850497900101,13.1528264734866,23.0381569880485
41_44,obs,0.805254942404586,-0.918638301495017,0.941921639229814,-1.76533163001891,0.864121235764923,0.41687413083267,8.39869672131148,14.4319050779285,0.711610341467284,-1.33118671358551,0.875254229420709,-2.32138473119493,0.651568993704275,1.24069119653944,12.0153076923077,19.4647334556246
41_44,v320,0.928685915032737,0.00478928102894239,0.983418634789446,0.00582542418239651,0.870504431399788,0.0251507318428662,9.4126715629017,19.2233506473649,0.926848154139418,-0.105358951086236,0.669379415153268,0.108953470690043,0.752893576726402,-0.189251997781819,13.8428525421876,22.6403868677779
41_44,v323,0.875799962414572,0.300579103455259,0.971033643046735,0.0661159717803677,0.810017410651803,0.652286244569874,8.71360411232624,21.5763139456388,0.877029179635626,0.127569603905335,0.505200298212473,0.187529443339795,0.696076949182198,0.440485535967964,13.240030303353,25.1180616336408
41_45,obs,0.838508540673351,-0.784527987287367,0.964866520349486,-1.47172097428121,0.869029534815364,0.402931507881851,8.80636065573771,14.2910225479458,0.749572393064632,-1.14520594435474,0.904200233337,-1.94329498760519,0.638754036550388,1.20646042730867,12.1433846153846,19.5076622897311
41_45,v320,0.942562150881191,-0.0087452230220804,0.997046635675345,0.0657222830727785,0.878294289283438,-0.0388154681677067,9.59481956711477,19.0039376663611,0.940509648311341,-0.0607242176106555,0.678090471111976,0.272655095407855,0.764207413151565,-0.220541721737179,14.0912436740845,23.0599236720775
41_45,v323,0.893368459784949,0.225734072338574,0.986300121267057,0.110342234304203,0.813432934526726,0.475863283392068,8.96736790609054,21.2731471354381,0.899617121544783,0.107653724618973,0.467113096503379,0.354177516114813,0.695675825766991,0.258497279295275,13.6325338381418,25.1530954161016
41_47,obs,1.23599364405589,-1.50739239985567,1.0420487464041,0.334052249762507,1.06669476102889,-2.91737313692689,14.8916557377049,25.5364658492474,1.33910791360165,-2.43615786743166,0.707591594850287,0.0569229611127579,1.0409389969678,-4.01597547012723,19.1492307692308,31.264683788048
41_47,v320,1.07758746388566,0.871536759727186,1.04331969334861,1.79714587964472,0.999384102874918,0.00736649315765286,11.4840686813875,7.92323460071811,1.06639000857745,1.03245679332131,0.55504307055327,2.20054455654846,0.796453948319468,-0.146537130864579,16.1972246261601,8.52927611787479
41_47,v323,0.982271543921262,0.0619689864176353,0.987318322788192,0.327491826153823,0.964426782297114,-0.33355400881246,10.1935506714291,22.6516461528594,0.963374944803313,0.0930848014089067,0.690371149619347,0.449286153229882,0.847118830738843,-0.499345247409415,14.5433649425256,26.6222249909489
41_48,obs,0.991521143208966,-1.79293953100321,0.952682018115965,-1.56504064641236,0.9678499887029,-1.74603160687225,11.1215409836066,-192.311018008704,1.03662791965408,-2.83158414948295,0.983415861021767,-2.26991037222058,0.949979319741824,-2.39132162397338,15.3953076923077,101.38737937986
41_48,v320,0.990946841868289,0.126686019104007,1.01900299534544,0.557053079541006,0.921623755017667,-0.25696380597205,10.365464269024,33.1497649572748,0.997165108987469,0.138921584113721,0.612694079612028,0.951610381961159,0.80590168996846,-0.476329972179346,15.1094952422387,73.0848706121179
41_48,v323,0.967610561924544,0.0250478193601016,0.988860272943557,0.205841270196369,0.94631941760591,-0.268817080900765,9.99244043683655,19.9295260117345,0.952693997002715,0.0385984560826276,0.657977877692084,0.379767757457836,0.83715029898316,-0.464677577484184,14.4320751541427,24.8965957374829
41_49,obs,1.43362850030134,-0.858548137560591,1.17449009131475,1.85688421697562,1.08603055440707,-3.18735537736405,18.5590983606557,21.1289541955091,1.61505005614693,-1.50177325204705,1.73728884319458,2.17093578162558,1.10091069929805,-4.58425752140928,24.7385384615385,26.5223732687499
41_49,v320,1.08744784785621,0.970771538136096,1.04215994434135,1.99923630257398,0.970508783720083,-0.00418086710472517,11.7056923384366,8.05504465124293,1.09133010591619,1.12770728099805,0.542629060204869,2.42097027089817,0.777299630398503,-0.219330231271442,16.3829558685672,11.7330679436496
41_49,v323,0.984572494481914,0.0611223564337492,0.988611943897286,0.337537482606514,0.963843988746758,-0.341310850249602,10.2124281582875,23.1181010008983,0.969091765209748,0.101495218798595,0.693622808494254,0.470153544919839,0.859351306706152,-0.541238126048457,14.5962454987934,27.3644240746276
41_57,obs,0.86775605981393,-1.30721309657698,0.957508515591162,-1.88748600160361,0.935296847529409,-0.312437344577166,9.07340983606557,9.26417591055182,0.816890752233662,-1.75807773922654,0.878584450196338,-2.33896165427186,0.833610560862269,0.222588632436876,13.1126153846154,14.4794138729571
41_57,v320,0.958467017292542,0.0244483944124026,1.0038422046672,0.206014237541135,0.895569414399423,-0.120254318201088,9.83017260034791,19.7448431718161,0.959275435018403,0.0101561868420572,0.655679157567542,0.478717062751992,0.780448500526191,-0.306650720116359,14.430163329712,24.3300515172236
41_57,v323,0.926345935196192,0.127944788040775,0.985374096540797,0.133024961862109,0.876013213509521,0.135089268394219,9.40060455029914,20.8932973090665,0.918956843619443,0.0654727979793954,0.562776131532535,0.317506579510521,0.766966103478642,-0.0744002538868453,13.9503482747822,24.8885399935836
41_58,obs,0.90859463165191,-1.49255599275185,0.948063598195765,-1.77674556444514,0.892657313608723,-0.888736524905035,9.76066393442623,2.82006269330942,0.91760784100278,-2.29898799563679,0.851976329431803,-2.31815396196417,0.801193666082765,-1.11057803422979,13.9754615384615,-3.82233066281807
41_58,v320,0.974045352433867,0.115571462273428,1.00939672488288,0.4324224831017,0.908048164507523,-0.186264811104898,10.144681084296,23.6090164818123,0.979587166367097,0.0819422003247679,0.61162704744684,0.758373648656765,0.792557677979745,-0.41368904078996,14.8291295775456,28.0949134406598
41_58,v323,0.954918941588406,0.0826718003844142,0.98613235652679,0.205823464573288,0.92690328340006,-0.118262532048637,9.80245023977925,20.9900408852879,0.93850064987984,0.089262112956315,0.633437738249915,0.378034115998214,0.819613109518944,-0.306663500984063,14.2687163943126,25.5320960860227
41_60,obs,0.849149755877448,-0.955760910784635,0.966926855176617,-1.55763900706809,0.86115765786563,0.103176043400976,8.9125,12.8132118123299,0.823997412113514,-1.49394312384192,0.863136310485495,-1.90193601324622,0.766049069433476,0.381601452949697,13.1428461538462,15.5924758835182
41_60,v320,0.940190048850822,0.0176130214927374,0.997473136770664,0.0890697486878352,0.877891100419443,-0.0371146118901345,9.57737441523316,19.4506761999758,0.942811338509435,-0.0568775085557813,0.67225653744863,0.295194677683518,0.767255238730491,-0.239207050280308,14.1248328460786,23.0861050928195
41_60,v323,0.905089399040849,0.185531353346185,0.980466251798758,0.0929288935887187,0.841074503153691,0.339298282059349,9.10745882810206,21.1109942373111,0.903613803625731,0.0804436184617738,0.551312538344971,0.259577168763818,0.724894103073692,0.117259458160008,13.6468662750436,24.9152611545003
41_38,obs,0.780093677291017,-1.40582102007425,0.865998239763056,-2.44029474477301,0.898605368300661,-0.11935674348427,8.00437704918033,12.7562202465985,0.706500978444817,-2.07094632897013,0.765155417223929,-3.2985513978616,0.642166149633163,0.340127093975338,11.0894615384615,17.0246055624096
41_38,v320,0.920447078824995,-0.0922100833259901,0.978886834383382,-0.14856243160584,0.874856799975697,-0.0153583657793029,9.31054863868517,17.997089396656,0.914947926291325,-0.217607653672757,0.697445104623779,-0.0880532520471714,0.761106089975467,-0.201501785833011,13.6657825348464,21.5221416669623
41_38,v323,0.854779859390521,0.0778786264524575,0.949462025431666,-0.272494965018637,0.792989852521277,0.532094843281091,8.43611763277727,19.6924728617015,0.853944345653713,-0.177643834270741,0.547518803914894,-0.316831623764491,0.67915089837098,0.278656504117277,12.824128601212,22.864389323693
41_46,obs,0.770680942223614,-1.18901979056606,0.91257768918441,-2.22083436225935,0.864450570468721,0.299587245586769,7.93526229508197,13.9640358159676,0.678056233507483,-1.69147517512397,0.834024023164243,-2.89947447478468,0.692515881969413,1.07952452987277,11.4671538461538,18.8267182437204
41_46,v320,0.920972469867263,-0.0605348906462412,0.980448680277215,-0.120968328366844,0.870225527330468,0.0128469210058369,9.29528155923475,18.3901955704086,0.916812225545726,-0.176352607823666,0.683264228666397,-0.0485920949523594,0.758351174232873,-0.173543901576268,13.6973677007419,21.9607300808595
41_46,v323,0.858698196300863,0.123755635555314,0.958850983695037,-0.197173576960796,0.789866499260697,0.572419284880736,8.47791024501038,20.0320179541258,0.861365190571375,-0.105594336442875,0.527946444597157,-0.166064597533582,0.679816708319496,0.322976543812534,12.952808200924,23.3189916726757
41_54,obs,0.788752558477431,-1.13483775504693,0.925867849183838,-2.13858709449979,0.875380412883746,0.27616238219879,7.97379508196721,13.7769597880488,0.686872308453752,-1.47948799563679,0.821636983487446,-2.70714114145135,0.64099142858138,1.19297324782149,11.1512307692308,19.3557931290171
41_54,v320,0.905468971686954,-0.155190885678107,0.974923262461283,-0.363943256315638,0.878131273713426,0.0370180730950343,9.03337872614626,17.5145005141336,0.884436316163178,-0.216459812262119,0.712027209841919,-0.338136330629006,0.748075889753395,-0.0239406487880609,13.2875154935397,22.2075861178764
41_54,v323,0.842859559790122,-0.19693738894355,0.937567696667531,-0.609201400006404,0.784286764464449,0.316751098632813,8.34381378674116,17.9029358667552,0.842540104523092,-0.494819836738782,0.573403173797236,-0.723814744215745,0.668891433431987,0.0656632643479567,12.6211876502404,20.9381508444097
41_55,obs,0.879221804948962,-0.765394790566055,0.998670949173448,-0.998509225647329,0.877464172136628,0.202814021543053,10.0903606557377,12.811844408657,0.790440943791698,-1.06227645717525,0.997466211361933,-1.32188473119493,0.642898781289215,1.10142196577021,14.2529230769231,19.0115611981277
41_55,v320,0.940410676036357,0.104990316502296,0.991063845066578,0.203399245256,0.871660288532496,0.038380989263398,9.60254112036831,20.9180911692519,0.943361468465767,0.0178877086451333,0.644369826010041,0.373539667649986,0.755439995020361,-0.186087447580835,14.1353069043983,24.3964865308533
41_55,v323,0.912364882777016,0.354386802980958,0.98948069007388,0.298784062732998,0.845655899702068,0.480012879596659,9.19495270311712,23.2000834006647,0.910467524976534,0.288468448309627,0.512223224200579,0.543872625208448,0.722853041775935,0.292751172376327,13.8065686045026,27.3026063521589
41_56,obs,0.862473061607611,-0.687790282369334,0.98962950558192,-1.1638015753741,0.879512885317635,0.399838611706987,9.06874590163934,14.147906546707,0.775342898737756,-0.901513636662433,0.758404987401734,-1.37588473119493,0.654916796612535,1.32856299141124,12.6534615384615,20.067821453681
41_56,v320,0.934716156289994,0.0215932704903008,0.992166497019204,0.0710092644404553,0.87285608953095,-0.00364003409876063,9.51597622745337,19.4869528629298,0.936373023662143,-0.0668798542261629,0.675679305660012,0.237491229404394,0.758999471166528,-0.202568775182141,14.0106989691292,23.0295400835877
41_56,v323,0.889077632652717,0.288909111384348,0.983394211122181,0.139185906882806,0.813265049991664,0.569591798344643,8.88905809651501,21.7607995035464,0.892939596394328,0.158165120836767,0.472555514449345,0.35671322235095,0.695498187116606,0.358048657987141,13.5277901635174,25.5580089869358
41_59,obs,0.78017154475381,-1.20220899821633,0.939616252405289,-2.03036851526482,0.828230784049101,0.232453365805348,8.56079508196721,13.6801872059273,0.719752240697584,-1.80202325204705,0.771068997126849,-2.5424872952975,0.748354750655988,0.743986068334312,13.1634615384615,17.650556659584
41_59,v320,0.930251082493111,-0.0166199502273528,0.992224860641666,-0.0191594525113132,0.870439269841046,0.016517660062607,9.38847426117444,18.9179105177373,0.925472931307215,-0.0835833427233574,0.679529668857767,0.133707682291667,0.751368529702727,-0.141260391626603,13.8616497333233,22.9591477040535
41_59,v323,0.885111893914548,0.168736737473567,0.978781815201462,0.00587221572959358,0.80757531561332,0.463958782039277,8.85182615186347,20.6248980862437,0.889012892548201,0.0103364602113381,0.484205834281284,0.179934379382011,0.68775543842317,0.240482036884014,13.4392535869892,24.1737963580589
41_06,obs,0.913703950179148,-0.874367809691739,0.970803092915389,-1.05249829668558,0.875123236615715,-0.209325322719242,9.89048360655738,9.01684978447426,0.939677383081451,-1.58482132897013,0.833085327801577,-1.46901293632314,0.92032602380581,-0.440283162434918,14.4575384615385,-2.19175906744025
41_06,v320,0.974404293827637,0.18089159783,1.00798520531706,0.498977011358342,0.905194008540207,-0.103812896589275,10.1529282543581,26.2234564877597,0.978183818950009,0.175986524132463,0.4634392995469,0.863041353775236,0.785527694986831,-0.316387176907098,14.9009847557598,32.1474530400838
41_06,v323,0.949639746829776,0.203762201304891,0.983129383844314,0.320102560671857,0.91231428520306,0.0459129896808351,9.72630954172518,23.2022847511069,0.937761912209974,0.185989859371546,0.594517945990173,0.48708308531968,0.799231027236615,-0.132269526728131,14.2157622573616,27.0690250383696
41_37,obs,0.89068382639635,-0.888491785101575,0.977003271256459,-1.30789037318831,0.925775849608745,0.0100244040567139,9.28201639344262,11.0213130014413,0.818963630820997,-1.07869632897013,0.767420178984387,-1.54693601324622,0.708749181484982,0.85893478628303,12.829,18.1222133108356
41_37,v320,0.936243424690308,-0.0535261696720675,0.993700089801085,-0.0342218071202955,0.884026480101774,-0.0472693957521584,9.46370213859729,18.31665347305,0.930414338642798,-0.104995953969262,0.692016255605222,0.140332354994925,0.770202133099241,-0.192083143948545,13.9499138042551,22.5717908701295
41_37,v323,0.88551421032028,0.108008056122346,0.979576006979823,-0.0454170221891321,0.804915151028738,0.402119632596986,8.86262940265476,20.0996119577458,0.891670788091749,-0.0472508780803415,0.485021612751754,0.147183621080735,0.686690748647666,0.171604636306394,13.4817063819674,23.6444857322338
41_52,obs,0.854557445100254,-0.920416306959498,0.987826437800857,-1.64267999067465,0.922253390969275,0.210923311160539,8.69409836065574,12.820654100587,0.771378119434773,-0.851571328970125,0.812644353459651,-1.72284626965647,0.832232937771377,1.28256299141124,12.5435384615385,20.355861879664
41_52,v320,0.991511118890772,0.189971089444581,1.03162837601099,0.634358849030375,0.885280774858911,-0.126707730227954,10.2823996622054,41.5350068403822,1.00385020278056,0.209109281882262,0.612805666132062,1.08145689352965,0.774313509507245,-0.312270726913061,15.1473365196815,-30.230574324612
41_52,v323,0.973608035648066,0.000290344613753845,0.990955173034589,0.219043085483905,0.952985948336431,-0.340237217733305,10.1055062716124,19.1671943226994,0.959913678354547,0.0287592961237981,0.636569453058795,0.416432307316707,0.844069748120636,-0.544071295322516,14.5671198918269,24.7980984283735
