id_plot,slope_obs,equil_obs,dTmaxS_obs,dTmaxH_obs,slope_v320,equil_v320,dTmaxS_v320,dTmaxH_v320,slope_v323,equil_v323,dTmaxS_v323,dTmaxH_v323,LAI_ALS,Hmax,fCover,VCI,LCV,CHM_std,northness,twi,slope_t
41_01,0.888197104214691,14.4342264277959,-0.66412182016844,-1.24892675781252,0.942619638849288,21.1071338389396,0.093960010953868,0.22144435316669,0.918196231911169,22.175420532978,0.100706075680368,0.161363069309761,3.0971018075943,23.4999923706055,0.997500002384186,0.518240988254547,0.0325744338333607,1.00881469249725,-1.15290307998657,4.53988647460938,1.22302567958832
41_02,0.925107851089073,11.5067662336126,-0.180498869348768,-0.5458498347356,0.957278071546857,20.7840774389498,0.142513896810472,0.371763022973242,0.924480089069937,21.7040787964672,0.0725009522023899,0.202696661837863,3.4237956404686,16.5499954223633,1,0.502667151391506,0.0209977198392153,0.806751608848572,-1.28156113624573,3.47000360488892,1.78229379653931
41_03,0.82088814930332,13.896660497486,-1.29784313164385,-1.75631137319714,0.92651666350214,18.4819591156052,-0.217968652822126,-0.14692221537835,0.899499147441434,19.6481364054772,-0.19216157113319,-0.157036996128078,4.73531460762024,34.3800048828125,1,0.555000200867653,0.0319053628481925,4.30711841583252,-0.100275628268719,5.19682741165161,0.317080348730087
41_04,0.752748182370812,13.8124187889777,-2.3923759185291,-3.10615752704329,0.903391922297171,17.4782269377765,-0.521577428598873,-0.553311861478365,0.788251109765157,18.6258523255432,-1.01058284571913,-1.37591552734375,6.42419219017029,35.9200057983398,1,0.595846608281136,0.0303875361569226,1.14868068695068,-0.508480310440064,8.84192276000977,0.554834544658661
41_05,0.741882547635359,14.3170163520121,-2.21781854147992,-3.00046521935098,0.924134315252685,18.2978578677625,-0.262938168702744,-0.200519827739172,0.850765865715198,20.0860621501661,-0.302146053091248,-0.264666964630207,4.84867739677429,32.8300018310547,0.997500002384186,0.612656861543655,0.0378907406702638,2.32560276985168,-0.558515906333923,3.63557434082031,1.5104855298996
41_06,0.90916087575495,10.9203164448614,-0.5277365742668,-0.972157527043292,0.973062996880169,25.0909864105935,0.420533539506849,0.80120809257559,0.948710973714961,22.9031053421939,0.194987639953111,0.297885978668826,2.37208813428879,14.4499969482422,1,0.467327699065208,0.0236886260099709,0.852467358112335,1.65357625484467,6.74225234985352,2.22994327545166
41_07,1.14274514770509,25.9503688332166,3.28339457327418,4.2621501652644,1.04869969979425,8.90348848785348,1.45357129276546,1.81150239025429,0.981774312436666,22.6293932292264,0.18064549550967,0.227456606000168,1.07197330892086,7.26000213623047,0.730001509189606,0.362002715468407,0.00937522202730179,1.72625195980072,-4.85839509963989,4.40810060501099,4.87257957458496
41_08,0.79782438072341,13.1793965621039,-1.77781854147992,-2.52138829627406,0.922478477359431,17.9697766643874,-0.328210234793224,-0.231218002169813,0.881692574929197,18.7356660613317,-0.33279047324056,-0.223506019591949,5.69467830657959,29.7200012207031,1,0.614421114325523,0.0391093920916319,0.958501160144806,0.52992856502533,4.08758497238159,0.961318075656891
41_09,0.685289259314423,14.8086587385147,-2.83350706607008,-3.53100368088945,0.908136235655992,17.6999772916422,-0.454859749215548,-0.46075439453125,0.800910345614994,18.8581955859413,-0.857334574715036,-1.14682241586538,5.96664786338806,37.8099975585938,1,0.600692287087441,0.0305627067573369,1.49890112876892,-0.744769871234894,5.18088102340698,0.966426432132721
41_10,0.687195210426635,15.2931048973581,-2.69348247590614,-3.5538498347356,0.909496295108335,17.7160978792204,-0.448848536757172,-0.428365854116587,0.831571746146554,18.7534438118182,-0.690968247710681,-0.886052058293269,6.15461266040802,37.4199981689453,0.997500002384186,0.595437273383141,0.0327262915670872,0.992059946060181,2.51179242134094,3.00385332107544,2.83932995796204
41_11,0.711126191530542,15.1670502263073,-2.44183493492254,-3.15254214242791,0.898298383913833,17.2199551671504,-0.599549590564165,-0.649087759164663,0.756181843689906,18.0319357158427,-1.38893202484631,-1.94713416466346,6.74102973937988,38,1,0.600387707352638,0.028721896931529,1.34424376487732,0.680333495140076,5.06284236907959,0.725040555000305
41_12,0.789170404524314,15.300253631971,-1.41695788574221,-2.16192675781252,0.937336636442648,19.5442864085038,-0.0669411343053278,0.0337520322439979,0.897653654304158,21.5382957906566,0.0397102376776169,0.192609825956529,3.81222891807556,27.6199951171875,0.997500002384186,0.519947156310082,0.0303503931500018,1.94617450237274,-1.89723169803619,4.78073787689209,1.92204833030701
41_15,0.925891583439592,6.53955717386324,-0.737941492299587,-0.940926757812523,0.948488644447598,20.8032441864449,0.131866781905775,0.275252947063424,0.918386715776483,22.2842364207539,0.160917494864528,0.374039299753533,3.3713470697403,28.2099990844727,1,0.566145271062851,0.0408214777708054,1.37466955184937,-1.81738936901093,5.11867332458496,3.08266401290894
41_16,0.913244187565296,-0.788401528068557,-1.52524477098811,-2.20454214242791,0.98379233335128,24.5150844968993,0.355279914222092,0.726246680505837,0.964609188026003,19.7623037500229,0.0670071750662369,0.149084074367102,3.33557111024857,8.17000579833984,0.977500006556511,0.335088059306145,0.00747459405101836,0.524732053279877,0.00715035805478692,5.63531017303467,1.8400262594223
41_17,0.937477041690184,7.88951443313536,-0.222859525086472,-0.669311373197138,0.931699468025082,22.1810759618258,0.157586769979508,0.195730356069712,0.922316072306872,23.1661958765388,0.192352545065958,0.244464580829327,3.0873441696167,36.8299942016602,0.884998202323914,0.562510594725609,0.0455395318567753,1.59475983646181,-0.416588565407114,5.02860524919298,1.94110092454486
41_18,1.4313591464161,19.9178854507747,4.79682899950369,4.36576554987979,1.09726580916744,6.44950399697169,2.23974667272836,2.65142879284434,0.985011774664655,26.269284054136,0.243544377346768,0.27772936190409,0.00998673308640718,3.22000122070313,0.02999999653548,0.168815337121487,0.0284969462114816,1.59475983646181,-0.416588565407114,5.02860524919298,1.94110092454486
41_19,1.32348023215896,23.494338899203,3.05428801589713,3.14176554987979,1.11228435142048,10.3191656178476,2.52855733144094,3.00826749661807,0.980335900671244,21.558371093921,0.141922543040493,0.162892847350511,0.527927845716476,16.9700012207031,0.665004879236221,0.269581191241741,0.0284969462114816,1.59475983646181,-0.416588565407114,5.02860524919298,1.94110092454486
41_21,0.89071081549043,13.3178764015991,-0.575834934922538,-0.476542142427908,0.940427090373941,20.5709845099348,0.0509391494551654,0.174196030970004,0.921152916801878,21.7444660657219,0.0459738601510809,0.123396354111273,3.29616177082062,26.9199981689453,1,0.510164923965931,0.0326467351987958,0.960259795188904,-0.121740020811558,5.05123138427734,0.733505368232727
41_22,0.842022087352617,12.9783148197966,-1.25189231197172,-1.42615752704329,0.950007688196366,20.511978987664,0.0842190004997585,0.261336611466154,0.922016644696643,21.7845516259911,0.106395086447261,0.271789605864355,3.38546067476273,24.0200042724609,1,0.519283533096314,0.0324043864384294,1.28137159347534,-0.0716192573308945,6.80562877655029,0.253820329904556
41_23,0.761406709219987,14.3101979981813,-2.05477755787336,-2.87069598858175,0.935869089591544,18.3772630143073,-0.171915124514,-0.0236802352603718,0.887527274995639,19.8101309381359,-0.203707421618422,-0.111527643187278,5.0295302271843,21.4799957275391,1,0.553925901651382,0.0251371474005282,0.887608528137207,0.300797283649445,5.0284366607666,0.750432431697846
41_24,0.798921260848172,14.2499289393981,-1.58176936115205,-1.95600368088945,0.931133201258939,18.3624345737566,-0.207788531866649,-0.113295423102032,0.869698078193365,19.9088288298004,-0.275590267361298,-0.253555616050864,4.83391952514648,27.5200042724609,0.997500002384186,0.575334295630455,0.0277693336829543,2.95654392242432,0.236291125416756,3.6803252696991,1.44439399242401
41_25,0.743043499014226,14.8891264198901,-2.23271198410287,-2.69561906550483,0.915836495979904,17.9611483621668,-0.355149435786368,-0.331810069430171,0.831636114433025,19.4347409529978,-0.535166909147919,-0.676813432273727,5.48082864284515,33.5299987792969,1,0.595547795295715,0.0313408076763153,1.22474133968353,-0.544089496135712,3.31024098396301,2.09080767631531
41_26,0.798797848987239,13.8308312529124,-1.66024477098811,-1.81023445012022,0.925520480363109,18.6922334943354,-0.20860815829918,-0.126410851111779,0.865624488618585,20.4958018098786,-0.204896270251665,-0.13928457406851,4.69293588399887,35.5499954223633,0.985000923275948,0.580975279211998,0.0395823298022151,1.42797136306763,0.887869954109192,3.6304304599762,1.51825666427612
41_27,1.08084879215117,33.7997616154566,0.542074901143036,-0.101157527043292,1.03005835723619,4.50137613241224,1.10971739411075,1.3647074624722,0.98083281035759,23.6781271791801,0.215699538745852,0.25463320013712,1.06542681157589,4.45000457763672,0.827500894665718,0.280228026211262,0.00520383706316352,1.59475983646181,-0.416588565407114,5.02860524919298,1.94110092454486
41_28,0.911778756380748,2.8554031642942,-1.29909723000451,-1.99277291165868,0.965910732074583,20.2047543984335,0.137153038054328,0.369456468397778,0.945284127983556,20.2194842228812,0.0277207239806044,0.127206590976637,3.79909467697144,8.84999847412109,1,0.373739548027515,0.0105725626926869,0.597864151000977,-1.98948240280151,4.64041614532471,2.76341342926025
41_29,0.922898790113403,5.38144125532214,-0.623875918529096,-1.23854214242791,0.967005303460346,21.3762807647862,0.19673653220909,0.4279884107439,0.941514238095855,21.7326276893826,0.125559976269211,0.28440663184805,3.17656272649765,9.87999725341797,1,0.438413076102734,0.0161021905951202,0.558112263679504,-2.26769709587097,3.92683815956116,3.38337206840515
41_30,1.20096692722203,21.9701615002376,1.69960768802828,-0.0198498347355997,1.08671498494352,5.50921091334577,2.24825515985408,2.69432657582409,0.985747313870335,25.4015569246927,0.223410816504648,0.274707552446308,0.0609616180299781,4.22000122070313,0.110000903252512,0.169590562582016,0.0284969462114816,1.59475983646181,-0.416588565407114,5.02860524919298,1.94110092454486
41_31,0.893791858507548,12.7615603330157,-0.628261164430735,-0.553388296274061,0.962022578669575,21.3287376969377,0.187229757115262,0.42224871739077,0.933337189732583,21.7071432595524,0.102552903176819,0.239499206439645,3.2182492017746,13.7099990844727,1,0.464845053851605,0.0221789302304387,0.590953350067139,-1.83971667289734,6.29937839508057,2.20974111557007
41_32,0.944012738822811,-2.13446114964961,-0.638711984102866,-0.915234450120215,0.963229012851122,21.2377793201541,0.17089571291511,0.374396597649886,0.937786003876597,21.6698946647921,0.107881561357335,0.251845759396168,3.21039295196533,9.95000457763672,1,0.430056490004063,0.0160796465352178,0.440476804971695,-0.336399346590042,5.42569971084595,2.52045440673828
41_33,0.8142530939821,13.8023824612081,-1.57658903328319,-2.21615752704329,0.957460860386404,20.6921300942822,0.133317015788686,0.385941647803743,0.92316631010162,21.945512941666,0.147328218167353,0.386500077404229,3.59469872713089,17,1,0.523096472024918,0.0272830403409898,0.641132354736328,-0.0572448521852493,4.52340841293335,3.10578036308289
41_34,0.843357861082463,14.3308594251944,-1.16254655018684,-1.47992675781252,0.959433661293416,20.1208546218771,0.125209993719773,0.375808197146442,0.927000576792391,21.1290148665279,0.0566005451329896,0.198357187449906,3.70296066999435,14.7200012207031,1,0.500463917851448,0.0203382945619524,0.612852871417999,-3.96141219139099,2.67006826400757,3.96143865585327
41_35,0.950783917984872,3.31768732104235,-0.177834934922538,-0.202003680889446,0.975329772232872,24.2568970813624,0.355546409471007,0.610032235844655,0.956424147727481,21.6010076796104,0.110796086225858,0.199373065190492,2.60820317268372,9.5,1,0.400385342538357,0.0137157759163529,0.494161874055862,-0.565753281116486,6.847083568573,0.852236151695252
41_36,0.8099345601638,14.9295585039243,-1.48029395131598,-2.03946521935098,0.92068657518161,18.4062751976799,-0.265511975727842,-0.193579650452145,0.855867452075381,19.8938335928395,-0.313598570067514,-0.277368523263603,4.95061105489731,34.3300018310547,1,0.611756220459938,0.0403221864253283,1.06175339221954,0.307963490486145,5.03857851028442,0.371448695659637
41_37,0.886672054105563,12.1378123221458,-0.916744770988112,-1.27169598858175,0.935442925027131,18.6060213506483,-0.162634837926008,-0.0192771579961004,0.885230115815984,20.1591804023434,-0.134523723624359,0.0270899250154982,4.75718653202057,27.9299926757813,1,0.614285096526146,0.0347710689529777,1.02264320850372,2.17959952354431,4.88444995880127,7.3264045715332
41_38,0.77650222147243,13.2149914222206,-2.26364641033237,-3.11400368088945,0.920335142267954,17.9937854899134,-0.298572460718373,-0.283469867338038,0.854779859390687,19.692472861701,-0.409472989695039,-0.509328354931964,4.93214952945709,32.0500030517578,1,0.599203333258629,0.0333364619873464,1.84089815616608,2.69112682342529,5.33958673477173,7.65099906921387
41_39,1.30833749978252,18.0767926503572,4.52911588474959,5.31668862680286,1.08815213164517,6.52702655912717,2.07627906449824,2.45421063210229,0.986274195757501,27.3429693990872,0.255834527960096,0.290034880267115,0.000912871735636145,3.97000122070313,0.00499999988824129,0.0414105473610107,0.0284969462114816,1.59475983646181,-0.416588565407114,5.02860524919298,1.94110092454486
41_40,0.746333592932573,14.1473579614585,-2.18397427918483,-2.79515752704329,0.923312992702436,18.3934217476265,-0.247766065635178,-0.192388363838811,0.852530680783816,20.2660826703649,-0.290419706438636,-0.27565260385712,4.71905541419983,34.4600067138672,1,0.599962934851646,0.0361886289902031,1.06244647502899,-0.458359509706497,4.51295804977417,0.628284394741058
41_42,0.685390021278392,15.1964239216281,-2.58622018082418,-3.59915752704329,0.9163681198978,17.7373276147013,-0.384477731448265,-0.341789290669173,0.83369447043336,18.8399241701557,-0.601085256309266,-0.687730426159598,5.57452714443207,33.6000061035156,1,0.608955875039101,0.0349789001047611,0.955091893672943,1.07414329051971,4.59084224700928,1.16228830814362
41_43,0.76618453648478,14.9883445923221,-1.81591690213565,-2.65792675781252,0.925777762655271,18.2510430261636,-0.246108936268156,-0.160854272411126,0.870307544244296,19.6856351834246,-0.301722835170946,-0.273211451623638,5.1080470085144,31.3199920654297,1,0.611067101359367,0.0332315089181066,1.32804214954376,-0.0142412558197975,3.21059846878052,6.89925193786621
41_44,0.802569096801896,14.9384203770796,-1.29385132836516,-1.57246521935098,0.928383099175889,19.2568912813801,-0.134750301642548,-0.0832715544772126,0.875169668082237,21.5528009799962,-0.0388951659357366,0.0296421662145489,3.90883481502533,33.9100036621094,0.997500002384186,0.568531230092049,0.0372432442381978,1.92624092102051,-0.229173570871353,4.18104982376099,0.875567018985748
41_45,0.83558644838908,14.9471132962776,-0.902990672627456,-1.35646521935098,0.941805805950911,19.2279450418231,-0.0582109915896453,0.105731157736902,0.8927286321077,21.2940324567002,0.0312395084108788,0.243079799260499,4.17399257421494,28.7199935913086,1,0.616935178637505,0.0360552025958896,3.39736890792847,-0.844914734363556,4.31642246246338,1.52915346622467
41_46,0.768872193741005,14.249239773296,-1.87493329557828,-2.39146521935099,0.920668923034137,18.4463587221556,-0.264822526094685,-0.22630290690201,0.858698196301034,20.0320179541257,-0.324506115841061,-0.338035487805909,4.90554070472717,31.5099945068359,1,0.58268728852272,0.030210567638278,1.428307056427,-1.33188271522522,4.44995260238647,1.33810341358185
41_47,1.23152657998035,25.6566847303054,1.01823063884795,0.209765549879785,1.0739417643748,8.36083861653481,1.73104737564307,2.05688597501387,0.982271543921413,22.651646152881,0.175069166060483,0.201196872199681,0.393926847726107,5.01999664306641,0.622499413788319,0.242664948105812,0.0284969462114816,1.59475983646181,-0.416588565407114,5.02860524919298,1.94110092454486
41_48,0.987157454824434,-113.536892846151,-1.10732673820123,-1.85308060396637,0.9894733113666,30.8291618881086,0.481552559407763,0.835166265497137,0.967610561924652,19.9295260117303,0.0794039789134252,0.157396523002879,2.88078713417053,9.08000183105469,0.97999969124794,0.360232837498188,0.00817695050500333,1.23115360736847,0.0859366208314896,4.72423124313355,0.508636474609375
41_49,1.42870802617917,20.8106459864642,4.22236178638894,5.06738093449517,1.08307161731303,8.39334256095282,1.94375194674048,2.31839837901823,0.984572494482022,23.1181010009121,0.191255303704153,0.222656877855203,0.251139052212238,5.08999633789063,0.480001218616962,0.261091310530901,0.0284969462114816,1.59475983646181,-0.416588565407114,5.02860524919298,1.94110092454486
41_52,0.852691508724445,12.9342008664444,-1.33863821361106,-1.42538829627406,0.989242545627655,35.6033935677916,0.560296981061091,1.00798621544471,0.973608035649392,19.1671943226554,0.105201846263448,0.211320143479567,3.01517081260681,36.1399993896484,0.970002427697182,0.502015687525272,0.0197545026894659,2.33763551712036,0.637251496315002,3.58611392974854,1.58706164360046
41_54,0.786328872051593,14.0327322082776,-1.88270378738155,-2.43646521935098,0.904648788568446,17.6352458771457,-0.515653516425461,-0.493272047776442,0.842918471359005,17.9776150691078,-0.744867543705174,-0.903634878305289,6.60095369815826,36.1700057983398,1,0.635896950960159,0.0403741477057338,2.76668548583984,-0.780584871768951,7.46321535110474,0.887606859207153
41_55,0.87539165130009,13.1540482498416,0.165533917536478,0.621227088341323,0.939519175340361,20.7879463574134,0.0818571659646217,0.201950462747767,0.911185929944541,22.9480686700791,0.208934789753096,0.400356676991093,3.29034751653671,34.0500030517578,0.96000000834465,0.590865939855576,0.0463746512929598,5.49166202545166,-1.13851702213287,5.65381669998169,1.40510129928589
41_56,0.859435854855395,14.6554109012986,-0.711859525086473,-0.875542142427907,0.934320222991035,19.5195102925142,-0.0531665917863311,0.056219022034681,0.888231096572061,21.7128739541244,0.0471774050504192,0.232648058368533,4.0164088010788,31.4599914550781,0.97750061750412,0.601068526506424,0.0411111358553171,1.27849435806274,-0.436869144439697,8.64485359191895,0.534506618976593
41_57,0.863425792727531,10.2250462148054,-1.47501526279139,-1.83254214242791,0.957313358337877,19.9293586863515,0.0981665631629441,0.340702104870108,0.926021269925879,20.9106304580297,0.0220558088597758,0.146588489770273,3.86174809932709,14.6900024414063,1,0.475291721522808,0.0162847016472369,0.871838986873627,-0.687514066696167,7.67315721511841,0.692863583564758
41_58,0.90238252913285,5.32256012888771,-1.30053165623401,-1.7638498347356,0.972844951971854,23.2598608302604,0.34871747665544,0.632509861797819,0.954687258252716,20.991599230104,0.0797975271369728,0.165952147737432,2.90102636814117,11.1600036621094,1,0.404298700392246,0.0129711986519396,0.683575391769409,-1.13143348693848,3.91951704025269,1.13722050189972
41_59,0.776642134371164,13.9437413158921,-1.33817100049631,-1.1058498347356,0.929843107335627,19.0031506280925,-0.153403860623719,-0.0323275052584135,0.884673822469322,20.6583079814782,-0.0885132336225666,0.0467951847956731,4.62502092123032,38.2400054931641,0.970000296831131,0.622253090143204,0.0425740657374263,6.73530960083008,-0.673198163509369,5.51585292816162,0.691388428211212
41_60,0.845409630915886,13.6896747300572,-1.12245788574221,-1.45646521935098,0.940031622559167,19.4543076572655,-0.0263570518109359,0.123174088958946,0.904663863529517,21.0892736350358,-0.0115458857706082,0.0834686630163901,3.96557396650314,27.0899963378906,1,0.566121846437454,0.0329164043068886,2.85602569580078,-0.128880888223648,7.03840255737305,1.70890629291534
