mon,slope,version,plab,scenario,family,variant
Apr,1.08845380214317,v3.2.0,P1  (LAI=0.5),STATIC_ALS,LiDAR,full
May,1.11973728276702,v3.2.0,P1  (LAI=0.5),STATIC_ALS,LiDAR,full
Jun,1.13194947410562,v3.2.0,P1  (LAI=0.5),STATIC_ALS,LiDAR,full
Jul,1.13541630904748,v3.2.0,P1  (LAI=0.5),STATIC_ALS,LiDAR,full
Aug,1.13737234188094,v3.2.0,P1  (LAI=0.5),STATIC_ALS,LiDAR,full
Sep,1.06156445939563,v3.2.0,P1  (LAI=0.5),STATIC_ALS,LiDAR,full
Oct,1.01328610539976,v3.2.0,P1  (LAI=0.5),STATIC_ALS,LiDAR,full
Apr,1.08845380214317,v3.2.0,P1  (LAI=0.5),STATIC_ALS_DOPT,LiDAR,d_opt
May,1.11973728276702,v3.2.0,P1  (LAI=0.5),STATIC_ALS_DOPT,LiDAR,d_opt
Jun,1.13194947410562,v3.2.0,P1  (LAI=0.5),STATIC_ALS_DOPT,LiDAR,d_opt
Jul,1.13541630904748,v3.2.0,P1  (LAI=0.5),STATIC_ALS_DOPT,LiDAR,d_opt
Aug,1.13737234188094,v3.2.0,P1  (LAI=0.5),STATIC_ALS_DOPT,LiDAR,d_opt
Sep,1.06156445939563,v3.2.0,P1  (LAI=0.5),STATIC_ALS_DOPT,LiDAR,d_opt
Oct,1.01328610539976,v3.2.0,P1  (LAI=0.5),STATIC_ALS_DOPT,LiDAR,d_opt
Apr,1.07448647452752,v3.2.0,P1  (LAI=0.5),DYN_S2_ATBD_NM,Sentinel-2,ATBD
May,1.07065801531693,v3.2.0,P1  (LAI=0.5),DYN_S2_ATBD_NM,Sentinel-2,ATBD
Jun,1.06352081533448,v3.2.0,P1  (LAI=0.5),DYN_S2_ATBD_NM,Sentinel-2,ATBD
Jul,1.0761183257167,v3.2.0,P1  (LAI=0.5),DYN_S2_ATBD_NM,Sentinel-2,ATBD
Aug,1.09603725215862,v3.2.0,P1  (LAI=0.5),DYN_S2_ATBD_NM,Sentinel-2,ATBD
Sep,1.02710189457428,v3.2.0,P1  (LAI=0.5),DYN_S2_ATBD_NM,Sentinel-2,ATBD
Oct,1.00113232421932,v3.2.0,P1  (LAI=0.5),DYN_S2_ATBD_NM,Sentinel-2,ATBD
Apr,1.06733934851861,v3.2.0,P1  (LAI=0.5),DYN_S2_OPT_NM,Sentinel-2,opt
May,1.07957596432209,v3.2.0,P1  (LAI=0.5),DYN_S2_OPT_NM,Sentinel-2,opt
Jun,1.07477671366715,v3.2.0,P1  (LAI=0.5),DYN_S2_OPT_NM,Sentinel-2,opt
Jul,1.08951222539742,v3.2.0,P1  (LAI=0.5),DYN_S2_OPT_NM,Sentinel-2,opt
Aug,1.11128545638231,v3.2.0,P1  (LAI=0.5),DYN_S2_OPT_NM,Sentinel-2,opt
Sep,1.03886141706163,v3.2.0,P1  (LAI=0.5),DYN_S2_OPT_NM,Sentinel-2,opt
Oct,1.00497261155606,v3.2.0,P1  (LAI=0.5),DYN_S2_OPT_NM,Sentinel-2,opt
Apr,1.07292738745715,v3.2.0,P1  (LAI=0.5),DYN_ATBD_rfull_NM,S2 rescaled->LiDAR,ATBD
May,1.08887030662588,v3.2.0,P1  (LAI=0.5),DYN_ATBD_rfull_NM,S2 rescaled->LiDAR,ATBD
Jun,1.08557768540744,v3.2.0,P1  (LAI=0.5),DYN_ATBD_rfull_NM,S2 rescaled->LiDAR,ATBD
Jul,1.10132932307794,v3.2.0,P1  (LAI=0.5),DYN_ATBD_rfull_NM,S2 rescaled->LiDAR,ATBD
Aug,1.1051872054025,v3.2.0,P1  (LAI=0.5),DYN_ATBD_rfull_NM,S2 rescaled->LiDAR,ATBD
Sep,1.05066726162536,v3.2.0,P1  (LAI=0.5),DYN_ATBD_rfull_NM,S2 rescaled->LiDAR,ATBD
Oct,1.00987189391112,v3.2.0,P1  (LAI=0.5),DYN_ATBD_rfull_NM,S2 rescaled->LiDAR,ATBD
Apr,1.09109891863748,v3.2.0,P1  (LAI=0.5),DYN_OPT_rdopt_NM,S2 rescaled->LiDAR,opt
May,1.11776143133861,v3.2.0,P1  (LAI=0.5),DYN_OPT_rdopt_NM,S2 rescaled->LiDAR,opt
Jun,1.12208766631588,v3.2.0,P1  (LAI=0.5),DYN_OPT_rdopt_NM,S2 rescaled->LiDAR,opt
Jul,1.12736967547137,v3.2.0,P1  (LAI=0.5),DYN_OPT_rdopt_NM,S2 rescaled->LiDAR,opt
Aug,1.1380122923677,v3.2.0,P1  (LAI=0.5),DYN_OPT_rdopt_NM,S2 rescaled->LiDAR,opt
Sep,1.05283152680415,v3.2.0,P1  (LAI=0.5),DYN_OPT_rdopt_NM,S2 rescaled->LiDAR,opt
Oct,1.01622593312327,v3.2.0,P1  (LAI=0.5),DYN_OPT_rdopt_NM,S2 rescaled->LiDAR,opt
Apr,1.0977645024046,v3.2.0,P1  (LAI=0.5),DYN_ALS_S2TIMING_NM,Fusion (ALS x S2-timing),ALS
May,1.12503158505742,v3.2.0,P1  (LAI=0.5),DYN_ALS_S2TIMING_NM,Fusion (ALS x S2-timing),ALS
Jun,1.1323123121738,v3.2.0,P1  (LAI=0.5),DYN_ALS_S2TIMING_NM,Fusion (ALS x S2-timing),ALS
Jul,1.12352418369362,v3.2.0,P1  (LAI=0.5),DYN_ALS_S2TIMING_NM,Fusion (ALS x S2-timing),ALS
Aug,1.14741150706279,v3.2.0,P1  (LAI=0.5),DYN_ALS_S2TIMING_NM,Fusion (ALS x S2-timing),ALS
Sep,1.06951380391129,v3.2.0,P1  (LAI=0.5),DYN_ALS_S2TIMING_NM,Fusion (ALS x S2-timing),ALS
Oct,1.01781612468169,v3.2.0,P1  (LAI=0.5),DYN_ALS_S2TIMING_NM,Fusion (ALS x S2-timing),ALS
Apr,1.09353325979522,v3.2.0,P1  (LAI=0.5),DYN_ALSoOPT_S2TIMING_NM,Fusion (ALS x S2-timing),ALSxopt
May,1.12641240183469,v3.2.0,P1  (LAI=0.5),DYN_ALSoOPT_S2TIMING_NM,Fusion (ALS x S2-timing),ALSxopt
Jun,1.13244614346966,v3.2.0,P1  (LAI=0.5),DYN_ALSoOPT_S2TIMING_NM,Fusion (ALS x S2-timing),ALSxopt
Jul,1.13973607257206,v3.2.0,P1  (LAI=0.5),DYN_ALSoOPT_S2TIMING_NM,Fusion (ALS x S2-timing),ALSxopt
Aug,1.14247229870715,v3.2.0,P1  (LAI=0.5),DYN_ALSoOPT_S2TIMING_NM,Fusion (ALS x S2-timing),ALSxopt
Sep,1.07106474686455,v3.2.0,P1  (LAI=0.5),DYN_ALSoOPT_S2TIMING_NM,Fusion (ALS x S2-timing),ALSxopt
Oct,1.00993840847554,v3.2.0,P1  (LAI=0.5),DYN_ALSoOPT_S2TIMING_NM,Fusion (ALS x S2-timing),ALSxopt
Apr,1.11891471838581,v3.2.0,P2  (LAI=3.4),STATIC_ALS,LiDAR,full
May,0.953811824915148,v3.2.0,P2  (LAI=3.4),STATIC_ALS,LiDAR,full
Jun,0.954008703669844,v3.2.0,P2  (LAI=3.4),STATIC_ALS,LiDAR,full
Jul,0.960677376138328,v3.2.0,P2  (LAI=3.4),STATIC_ALS,LiDAR,full
Aug,0.956402041815976,v3.2.0,P2  (LAI=3.4),STATIC_ALS,LiDAR,full
Sep,0.929391034300516,v3.2.0,P2  (LAI=3.4),STATIC_ALS,LiDAR,full
Oct,0.909251578103597,v3.2.0,P2  (LAI=3.4),STATIC_ALS,LiDAR,full
Apr,1.12285481522864,v3.2.0,P2  (LAI=3.4),STATIC_ALS_DOPT,LiDAR,d_opt
May,1.01823868702504,v3.2.0,P2  (LAI=3.4),STATIC_ALS_DOPT,LiDAR,d_opt
Jun,1.00091821527121,v3.2.0,P2  (LAI=3.4),STATIC_ALS_DOPT,LiDAR,d_opt
Jul,1.02578560316266,v3.2.0,P2  (LAI=3.4),STATIC_ALS_DOPT,LiDAR,d_opt
Aug,1.01337007510049,v3.2.0,P2  (LAI=3.4),STATIC_ALS_DOPT,LiDAR,d_opt
Sep,0.972105599163228,v3.2.0,P2  (LAI=3.4),STATIC_ALS_DOPT,LiDAR,d_opt
Oct,0.95684672532072,v3.2.0,P2  (LAI=3.4),STATIC_ALS_DOPT,LiDAR,d_opt
Apr,0.975912734783414,v3.2.0,P2  (LAI=3.4),DYN_S2_ATBD_NM,Sentinel-2,ATBD
May,0.949818871181597,v3.2.0,P2  (LAI=3.4),DYN_S2_ATBD_NM,Sentinel-2,ATBD
Jun,0.938306725253377,v3.2.0,P2  (LAI=3.4),DYN_S2_ATBD_NM,Sentinel-2,ATBD
Jul,0.953446659068773,v3.2.0,P2  (LAI=3.4),DYN_S2_ATBD_NM,Sentinel-2,ATBD
Aug,0.948564121521315,v3.2.0,P2  (LAI=3.4),DYN_S2_ATBD_NM,Sentinel-2,ATBD
Sep,0.927731956334384,v3.2.0,P2  (LAI=3.4),DYN_S2_ATBD_NM,Sentinel-2,ATBD
Oct,0.902138916996694,v3.2.0,P2  (LAI=3.4),DYN_S2_ATBD_NM,Sentinel-2,ATBD
Apr,0.992631855166485,v3.2.0,P2  (LAI=3.4),DYN_S2_OPT_NM,Sentinel-2,opt
May,0.952997036852665,v3.2.0,P2  (LAI=3.4),DYN_S2_OPT_NM,Sentinel-2,opt
Jun,0.944957862693452,v3.2.0,P2  (LAI=3.4),DYN_S2_OPT_NM,Sentinel-2,opt
Jul,0.962515589927466,v3.2.0,P2  (LAI=3.4),DYN_S2_OPT_NM,Sentinel-2,opt
Aug,0.958248890480248,v3.2.0,P2  (LAI=3.4),DYN_S2_OPT_NM,Sentinel-2,opt
Sep,0.932837370083266,v3.2.0,P2  (LAI=3.4),DYN_S2_OPT_NM,Sentinel-2,opt
Oct,0.90651152877326,v3.2.0,P2  (LAI=3.4),DYN_S2_OPT_NM,Sentinel-2,opt
Apr,1.00184888961203,v3.2.0,P2  (LAI=3.4),DYN_ATBD_rfull_NM,S2 rescaled->LiDAR,ATBD
May,0.96140120839239,v3.2.0,P2  (LAI=3.4),DYN_ATBD_rfull_NM,S2 rescaled->LiDAR,ATBD
Jun,0.952016310234558,v3.2.0,P2  (LAI=3.4),DYN_ATBD_rfull_NM,S2 rescaled->LiDAR,ATBD
Jul,0.974181840113708,v3.2.0,P2  (LAI=3.4),DYN_ATBD_rfull_NM,S2 rescaled->LiDAR,ATBD
Aug,0.964519321868078,v3.2.0,P2  (LAI=3.4),DYN_ATBD_rfull_NM,S2 rescaled->LiDAR,ATBD
Sep,0.940229725006058,v3.2.0,P2  (LAI=3.4),DYN_ATBD_rfull_NM,S2 rescaled->LiDAR,ATBD
Oct,0.914399797819097,v3.2.0,P2  (LAI=3.4),DYN_ATBD_rfull_NM,S2 rescaled->LiDAR,ATBD
Apr,1.03334338132633,v3.2.0,P2  (LAI=3.4),DYN_OPT_rdopt_NM,S2 rescaled->LiDAR,opt
May,1.02544410122226,v3.2.0,P2  (LAI=3.4),DYN_OPT_rdopt_NM,S2 rescaled->LiDAR,opt
Jun,1.01551352747226,v3.2.0,P2  (LAI=3.4),DYN_OPT_rdopt_NM,S2 rescaled->LiDAR,opt
Jul,1.03395378351308,v3.2.0,P2  (LAI=3.4),DYN_OPT_rdopt_NM,S2 rescaled->LiDAR,opt
Aug,1.02738721978883,v3.2.0,P2  (LAI=3.4),DYN_OPT_rdopt_NM,S2 rescaled->LiDAR,opt
Sep,0.987605292860228,v3.2.0,P2  (LAI=3.4),DYN_OPT_rdopt_NM,S2 rescaled->LiDAR,opt
Oct,0.957580092053133,v3.2.0,P2  (LAI=3.4),DYN_OPT_rdopt_NM,S2 rescaled->LiDAR,opt
Apr,1.00433605355074,v3.2.0,P2  (LAI=3.4),DYN_ALS_S2TIMING_NM,Fusion (ALS x S2-timing),ALS
May,0.9598306096149,v3.2.0,P2  (LAI=3.4),DYN_ALS_S2TIMING_NM,Fusion (ALS x S2-timing),ALS
Jun,0.954574319473829,v3.2.0,P2  (LAI=3.4),DYN_ALS_S2TIMING_NM,Fusion (ALS x S2-timing),ALS
Jul,0.976645678228737,v3.2.0,P2  (LAI=3.4),DYN_ALS_S2TIMING_NM,Fusion (ALS x S2-timing),ALS
Aug,0.969162507734312,v3.2.0,P2  (LAI=3.4),DYN_ALS_S2TIMING_NM,Fusion (ALS x S2-timing),ALS
Sep,0.944979819729097,v3.2.0,P2  (LAI=3.4),DYN_ALS_S2TIMING_NM,Fusion (ALS x S2-timing),ALS
Oct,0.92340849369909,v3.2.0,P2  (LAI=3.4),DYN_ALS_S2TIMING_NM,Fusion (ALS x S2-timing),ALS
Apr,0.989879749112519,v3.2.0,P2  (LAI=3.4),DYN_ALSoOPT_S2TIMING_NM,Fusion (ALS x S2-timing),ALSxopt
May,0.961057933501477,v3.2.0,P2  (LAI=3.4),DYN_ALSoOPT_S2TIMING_NM,Fusion (ALS x S2-timing),ALSxopt
Jun,0.950915418597165,v3.2.0,P2  (LAI=3.4),DYN_ALSoOPT_S2TIMING_NM,Fusion (ALS x S2-timing),ALSxopt
Jul,0.975093790458283,v3.2.0,P2  (LAI=3.4),DYN_ALSoOPT_S2TIMING_NM,Fusion (ALS x S2-timing),ALSxopt
Aug,0.964987017542322,v3.2.0,P2  (LAI=3.4),DYN_ALSoOPT_S2TIMING_NM,Fusion (ALS x S2-timing),ALSxopt
Sep,0.94125737729878,v3.2.0,P2  (LAI=3.4),DYN_ALSoOPT_S2TIMING_NM,Fusion (ALS x S2-timing),ALSxopt
Oct,0.912983686997907,v3.2.0,P2  (LAI=3.4),DYN_ALSoOPT_S2TIMING_NM,Fusion (ALS x S2-timing),ALSxopt
Apr,1.07976554836524,v3.2.0,P3  (LAI=4.7),STATIC_ALS,LiDAR,full
May,0.93383732596822,v3.2.0,P3  (LAI=4.7),STATIC_ALS,LiDAR,full
Jun,0.934328888128239,v3.2.0,P3  (LAI=4.7),STATIC_ALS,LiDAR,full
Jul,0.939288791837342,v3.2.0,P3  (LAI=4.7),STATIC_ALS,LiDAR,full
Aug,0.930827904966135,v3.2.0,P3  (LAI=4.7),STATIC_ALS,LiDAR,full
Sep,0.903948008976257,v3.2.0,P3  (LAI=4.7),STATIC_ALS,LiDAR,full
Oct,0.88673156694751,v3.2.0,P3  (LAI=4.7),STATIC_ALS,LiDAR,full
Apr,1.09441397340902,v3.2.0,P3  (LAI=4.7),STATIC_ALS_DOPT,LiDAR,d_opt
May,1.01094270774693,v3.2.0,P3  (LAI=4.7),STATIC_ALS_DOPT,LiDAR,d_opt
Jun,1.00460689688332,v3.2.0,P3  (LAI=4.7),STATIC_ALS_DOPT,LiDAR,d_opt
Jul,1.022775811478,v3.2.0,P3  (LAI=4.7),STATIC_ALS_DOPT,LiDAR,d_opt
Aug,1.0121074753393,v3.2.0,P3  (LAI=4.7),STATIC_ALS_DOPT,LiDAR,d_opt
Sep,0.967838648229625,v3.2.0,P3  (LAI=4.7),STATIC_ALS_DOPT,LiDAR,d_opt
Oct,0.94214579718268,v3.2.0,P3  (LAI=4.7),STATIC_ALS_DOPT,LiDAR,d_opt
Apr,0.974917291644279,v3.2.0,P3  (LAI=4.7),DYN_S2_ATBD_NM,Sentinel-2,ATBD
May,0.940841430925866,v3.2.0,P3  (LAI=4.7),DYN_S2_ATBD_NM,Sentinel-2,ATBD
Jun,0.934799218979978,v3.2.0,P3  (LAI=4.7),DYN_S2_ATBD_NM,Sentinel-2,ATBD
Jul,0.950668761142268,v3.2.0,P3  (LAI=4.7),DYN_S2_ATBD_NM,Sentinel-2,ATBD
Aug,0.944551034094906,v3.2.0,P3  (LAI=4.7),DYN_S2_ATBD_NM,Sentinel-2,ATBD
Sep,0.918740504988097,v3.2.0,P3  (LAI=4.7),DYN_S2_ATBD_NM,Sentinel-2,ATBD
Oct,0.893790463168921,v3.2.0,P3  (LAI=4.7),DYN_S2_ATBD_NM,Sentinel-2,ATBD
Apr,0.976631419730694,v3.2.0,P3  (LAI=4.7),DYN_S2_OPT_NM,Sentinel-2,opt
May,0.942036272056637,v3.2.0,P3  (LAI=4.7),DYN_S2_OPT_NM,Sentinel-2,opt
Jun,0.940436702292445,v3.2.0,P3  (LAI=4.7),DYN_S2_OPT_NM,Sentinel-2,opt
Jul,0.956368844339891,v3.2.0,P3  (LAI=4.7),DYN_S2_OPT_NM,Sentinel-2,opt
Aug,0.948435293311236,v3.2.0,P3  (LAI=4.7),DYN_S2_OPT_NM,Sentinel-2,opt
Sep,0.923070528258476,v3.2.0,P3  (LAI=4.7),DYN_S2_OPT_NM,Sentinel-2,opt
Oct,0.899447217860636,v3.2.0,P3  (LAI=4.7),DYN_S2_OPT_NM,Sentinel-2,opt
Apr,0.983990990965053,v3.2.0,P3  (LAI=4.7),DYN_ATBD_rfull_NM,S2 rescaled->LiDAR,ATBD
May,0.954674517348217,v3.2.0,P3  (LAI=4.7),DYN_ATBD_rfull_NM,S2 rescaled->LiDAR,ATBD
Jun,0.948967245907505,v3.2.0,P3  (LAI=4.7),DYN_ATBD_rfull_NM,S2 rescaled->LiDAR,ATBD
Jul,0.963895949821543,v3.2.0,P3  (LAI=4.7),DYN_ATBD_rfull_NM,S2 rescaled->LiDAR,ATBD
Aug,0.962362110242986,v3.2.0,P3  (LAI=4.7),DYN_ATBD_rfull_NM,S2 rescaled->LiDAR,ATBD
Sep,0.930489581128425,v3.2.0,P3  (LAI=4.7),DYN_ATBD_rfull_NM,S2 rescaled->LiDAR,ATBD
Oct,0.907994094818225,v3.2.0,P3  (LAI=4.7),DYN_ATBD_rfull_NM,S2 rescaled->LiDAR,ATBD
Apr,1.05460924160793,v3.2.0,P3  (LAI=4.7),DYN_OPT_rdopt_NM,S2 rescaled->LiDAR,opt
May,1.0203912272985,v3.2.0,P3  (LAI=4.7),DYN_OPT_rdopt_NM,S2 rescaled->LiDAR,opt
Jun,0.993785512940853,v3.2.0,P3  (LAI=4.7),DYN_OPT_rdopt_NM,S2 rescaled->LiDAR,opt
Jul,1.03355519677625,v3.2.0,P3  (LAI=4.7),DYN_OPT_rdopt_NM,S2 rescaled->LiDAR,opt
Aug,1.03653069586489,v3.2.0,P3  (LAI=4.7),DYN_OPT_rdopt_NM,S2 rescaled->LiDAR,opt
Sep,0.977889644433335,v3.2.0,P3  (LAI=4.7),DYN_OPT_rdopt_NM,S2 rescaled->LiDAR,opt
Oct,0.939624961179977,v3.2.0,P3  (LAI=4.7),DYN_OPT_rdopt_NM,S2 rescaled->LiDAR,opt
Apr,0.974696998051004,v3.2.0,P3  (LAI=4.7),DYN_ALS_S2TIMING_NM,Fusion (ALS x S2-timing),ALS
May,0.94046197690634,v3.2.0,P3  (LAI=4.7),DYN_ALS_S2TIMING_NM,Fusion (ALS x S2-timing),ALS
Jun,0.934628799049076,v3.2.0,P3  (LAI=4.7),DYN_ALS_S2TIMING_NM,Fusion (ALS x S2-timing),ALS
Jul,0.950483869353912,v3.2.0,P3  (LAI=4.7),DYN_ALS_S2TIMING_NM,Fusion (ALS x S2-timing),ALS
Aug,0.94522486544878,v3.2.0,P3  (LAI=4.7),DYN_ALS_S2TIMING_NM,Fusion (ALS x S2-timing),ALS
Sep,0.918608324598002,v3.2.0,P3  (LAI=4.7),DYN_ALS_S2TIMING_NM,Fusion (ALS x S2-timing),ALS
Oct,0.893474460583704,v3.2.0,P3  (LAI=4.7),DYN_ALS_S2TIMING_NM,Fusion (ALS x S2-timing),ALS
Apr,0.967377567653792,v3.2.0,P3  (LAI=4.7),DYN_ALSoOPT_S2TIMING_NM,Fusion (ALS x S2-timing),ALSxopt
May,0.934090552195608,v3.2.0,P3  (LAI=4.7),DYN_ALSoOPT_S2TIMING_NM,Fusion (ALS x S2-timing),ALSxopt
Jun,0.928343843612895,v3.2.0,P3  (LAI=4.7),DYN_ALSoOPT_S2TIMING_NM,Fusion (ALS x S2-timing),ALSxopt
Jul,0.945514527430023,v3.2.0,P3  (LAI=4.7),DYN_ALSoOPT_S2TIMING_NM,Fusion (ALS x S2-timing),ALSxopt
Aug,0.939283722439716,v3.2.0,P3  (LAI=4.7),DYN_ALSoOPT_S2TIMING_NM,Fusion (ALS x S2-timing),ALSxopt
Sep,0.912245862372065,v3.2.0,P3  (LAI=4.7),DYN_ALSoOPT_S2TIMING_NM,Fusion (ALS x S2-timing),ALSxopt
Oct,0.886675324498045,v3.2.0,P3  (LAI=4.7),DYN_ALSoOPT_S2TIMING_NM,Fusion (ALS x S2-timing),ALSxopt
Apr,1.10261217441485,v3.2.0,P4  (LAI=5.7),STATIC_ALS,LiDAR,full
May,0.941019513187962,v3.2.0,P4  (LAI=5.7),STATIC_ALS,LiDAR,full
Jun,0.934880465091196,v3.2.0,P4  (LAI=5.7),STATIC_ALS,LiDAR,full
Jul,0.939876725667805,v3.2.0,P4  (LAI=5.7),STATIC_ALS,LiDAR,full
Aug,0.925782682800971,v3.2.0,P4  (LAI=5.7),STATIC_ALS,LiDAR,full
Sep,0.89766492721269,v3.2.0,P4  (LAI=5.7),STATIC_ALS,LiDAR,full
Oct,0.889034905873286,v3.2.0,P4  (LAI=5.7),STATIC_ALS,LiDAR,full
Apr,1.11510638978477,v3.2.0,P4  (LAI=5.7),STATIC_ALS_DOPT,LiDAR,d_opt
May,1.0315022532042,v3.2.0,P4  (LAI=5.7),STATIC_ALS_DOPT,LiDAR,d_opt
Jun,1.03612453804058,v3.2.0,P4  (LAI=5.7),STATIC_ALS_DOPT,LiDAR,d_opt
Jul,1.03952163412677,v3.2.0,P4  (LAI=5.7),STATIC_ALS_DOPT,LiDAR,d_opt
Aug,1.02811873806227,v3.2.0,P4  (LAI=5.7),STATIC_ALS_DOPT,LiDAR,d_opt
Sep,0.984431491369506,v3.2.0,P4  (LAI=5.7),STATIC_ALS_DOPT,LiDAR,d_opt
Oct,0.960451496411762,v3.2.0,P4  (LAI=5.7),STATIC_ALS_DOPT,LiDAR,d_opt
Apr,0.95711564603146,v3.2.0,P4  (LAI=5.7),DYN_S2_ATBD_NM,Sentinel-2,ATBD
May,0.954512491357545,v3.2.0,P4  (LAI=5.7),DYN_S2_ATBD_NM,Sentinel-2,ATBD
Jun,0.958307301929019,v3.2.0,P4  (LAI=5.7),DYN_S2_ATBD_NM,Sentinel-2,ATBD
Jul,0.972818267000962,v3.2.0,P4  (LAI=5.7),DYN_S2_ATBD_NM,Sentinel-2,ATBD
Aug,0.968043796477118,v3.2.0,P4  (LAI=5.7),DYN_S2_ATBD_NM,Sentinel-2,ATBD
Sep,0.936103916006794,v3.2.0,P4  (LAI=5.7),DYN_S2_ATBD_NM,Sentinel-2,ATBD
Oct,0.912997871897818,v3.2.0,P4  (LAI=5.7),DYN_S2_ATBD_NM,Sentinel-2,ATBD
Apr,0.960311322167253,v3.2.0,P4  (LAI=5.7),DYN_S2_OPT_NM,Sentinel-2,opt
May,0.961278697496032,v3.2.0,P4  (LAI=5.7),DYN_S2_OPT_NM,Sentinel-2,opt
Jun,0.967931107264326,v3.2.0,P4  (LAI=5.7),DYN_S2_OPT_NM,Sentinel-2,opt
Jul,0.982538538760897,v3.2.0,P4  (LAI=5.7),DYN_S2_OPT_NM,Sentinel-2,opt
Aug,0.977304757092212,v3.2.0,P4  (LAI=5.7),DYN_S2_OPT_NM,Sentinel-2,opt
Sep,0.943614764709637,v3.2.0,P4  (LAI=5.7),DYN_S2_OPT_NM,Sentinel-2,opt
Oct,0.919420867795843,v3.2.0,P4  (LAI=5.7),DYN_S2_OPT_NM,Sentinel-2,opt
Apr,0.968970411069569,v3.2.0,P4  (LAI=5.7),DYN_ATBD_rfull_NM,S2 rescaled->LiDAR,ATBD
May,0.971297372906112,v3.2.0,P4  (LAI=5.7),DYN_ATBD_rfull_NM,S2 rescaled->LiDAR,ATBD
Jun,0.978124511807497,v3.2.0,P4  (LAI=5.7),DYN_ATBD_rfull_NM,S2 rescaled->LiDAR,ATBD
Jul,0.993203914105189,v3.2.0,P4  (LAI=5.7),DYN_ATBD_rfull_NM,S2 rescaled->LiDAR,ATBD
Aug,0.988304582434026,v3.2.0,P4  (LAI=5.7),DYN_ATBD_rfull_NM,S2 rescaled->LiDAR,ATBD
Sep,0.954166052305763,v3.2.0,P4  (LAI=5.7),DYN_ATBD_rfull_NM,S2 rescaled->LiDAR,ATBD
Oct,0.926623248406453,v3.2.0,P4  (LAI=5.7),DYN_ATBD_rfull_NM,S2 rescaled->LiDAR,ATBD
Apr,1.02114421878273,v3.2.0,P4  (LAI=5.7),DYN_OPT_rdopt_NM,S2 rescaled->LiDAR,opt
May,1.03035973611134,v3.2.0,P4  (LAI=5.7),DYN_OPT_rdopt_NM,S2 rescaled->LiDAR,opt
Jun,1.0349757369377,v3.2.0,P4  (LAI=5.7),DYN_OPT_rdopt_NM,S2 rescaled->LiDAR,opt
Jul,1.058483765012,v3.2.0,P4  (LAI=5.7),DYN_OPT_rdopt_NM,S2 rescaled->LiDAR,opt
Aug,1.04420284574378,v3.2.0,P4  (LAI=5.7),DYN_OPT_rdopt_NM,S2 rescaled->LiDAR,opt
Sep,1.00180152159214,v3.2.0,P4  (LAI=5.7),DYN_OPT_rdopt_NM,S2 rescaled->LiDAR,opt
Oct,0.975729530137325,v3.2.0,P4  (LAI=5.7),DYN_OPT_rdopt_NM,S2 rescaled->LiDAR,opt
Apr,0.947161434380646,v3.2.0,P4  (LAI=5.7),DYN_ALS_S2TIMING_NM,Fusion (ALS x S2-timing),ALS
May,0.939759352656841,v3.2.0,P4  (LAI=5.7),DYN_ALS_S2TIMING_NM,Fusion (ALS x S2-timing),ALS
Jun,0.937071464968959,v3.2.0,P4  (LAI=5.7),DYN_ALS_S2TIMING_NM,Fusion (ALS x S2-timing),ALS
Jul,0.956534559672536,v3.2.0,P4  (LAI=5.7),DYN_ALS_S2TIMING_NM,Fusion (ALS x S2-timing),ALS
Aug,0.949836042348693,v3.2.0,P4  (LAI=5.7),DYN_ALS_S2TIMING_NM,Fusion (ALS x S2-timing),ALS
Sep,0.922556879669734,v3.2.0,P4  (LAI=5.7),DYN_ALS_S2TIMING_NM,Fusion (ALS x S2-timing),ALS
Oct,0.902161980610961,v3.2.0,P4  (LAI=5.7),DYN_ALS_S2TIMING_NM,Fusion (ALS x S2-timing),ALS
Apr,0.940620203638078,v3.2.0,P4  (LAI=5.7),DYN_ALSoOPT_S2TIMING_NM,Fusion (ALS x S2-timing),ALSxopt
May,0.930999145581374,v3.2.0,P4  (LAI=5.7),DYN_ALSoOPT_S2TIMING_NM,Fusion (ALS x S2-timing),ALSxopt
Jun,0.928460856953669,v3.2.0,P4  (LAI=5.7),DYN_ALSoOPT_S2TIMING_NM,Fusion (ALS x S2-timing),ALSxopt
Jul,0.94528970220389,v3.2.0,P4  (LAI=5.7),DYN_ALSoOPT_S2TIMING_NM,Fusion (ALS x S2-timing),ALSxopt
Aug,0.937056918123845,v3.2.0,P4  (LAI=5.7),DYN_ALSoOPT_S2TIMING_NM,Fusion (ALS x S2-timing),ALSxopt
Sep,0.913523727895146,v3.2.0,P4  (LAI=5.7),DYN_ALSoOPT_S2TIMING_NM,Fusion (ALS x S2-timing),ALSxopt
Oct,0.894420487979733,v3.2.0,P4  (LAI=5.7),DYN_ALSoOPT_S2TIMING_NM,Fusion (ALS x S2-timing),ALSxopt
Apr,0.982892977219206,v3.2.3 iter,P1  (LAI=0.5),STATIC_ALS,LiDAR,full
May,0.982191811797203,v3.2.3 iter,P1  (LAI=0.5),STATIC_ALS,LiDAR,full
Jun,0.981397963259574,v3.2.3 iter,P1  (LAI=0.5),STATIC_ALS,LiDAR,full
Jul,0.979945509612992,v3.2.3 iter,P1  (LAI=0.5),STATIC_ALS,LiDAR,full
Aug,0.978342747585226,v3.2.3 iter,P1  (LAI=0.5),STATIC_ALS,LiDAR,full
Sep,0.980277850742516,v3.2.3 iter,P1  (LAI=0.5),STATIC_ALS,LiDAR,full
Oct,0.967342894883228,v3.2.3 iter,P1  (LAI=0.5),STATIC_ALS,LiDAR,full
Apr,0.982892977219206,v3.2.3 iter,P1  (LAI=0.5),STATIC_ALS_DOPT,LiDAR,d_opt
May,0.982191811797203,v3.2.3 iter,P1  (LAI=0.5),STATIC_ALS_DOPT,LiDAR,d_opt
Jun,0.981397963259574,v3.2.3 iter,P1  (LAI=0.5),STATIC_ALS_DOPT,LiDAR,d_opt
Jul,0.979945509612992,v3.2.3 iter,P1  (LAI=0.5),STATIC_ALS_DOPT,LiDAR,d_opt
Aug,0.978342747585226,v3.2.3 iter,P1  (LAI=0.5),STATIC_ALS_DOPT,LiDAR,d_opt
Sep,0.980277850742516,v3.2.3 iter,P1  (LAI=0.5),STATIC_ALS_DOPT,LiDAR,d_opt
Oct,0.967342894883228,v3.2.3 iter,P1  (LAI=0.5),STATIC_ALS_DOPT,LiDAR,d_opt
Apr,0.988836546124651,v3.2.3 iter,P1  (LAI=0.5),DYN_S2_ATBD_NM,Sentinel-2,ATBD
May,0.989538185411168,v3.2.3 iter,P1  (LAI=0.5),DYN_S2_ATBD_NM,Sentinel-2,ATBD
Jun,0.999397511486016,v3.2.3 iter,P1  (LAI=0.5),DYN_S2_ATBD_NM,Sentinel-2,ATBD
Jul,0.992057497899602,v3.2.3 iter,P1  (LAI=0.5),DYN_S2_ATBD_NM,Sentinel-2,ATBD
Aug,0.992795707126578,v3.2.3 iter,P1  (LAI=0.5),DYN_S2_ATBD_NM,Sentinel-2,ATBD
Sep,0.984679422098399,v3.2.3 iter,P1  (LAI=0.5),DYN_S2_ATBD_NM,Sentinel-2,ATBD
Oct,0.968829401434275,v3.2.3 iter,P1  (LAI=0.5),DYN_S2_ATBD_NM,Sentinel-2,ATBD
Apr,0.988257312392799,v3.2.3 iter,P1  (LAI=0.5),DYN_S2_OPT_NM,Sentinel-2,opt
May,0.988853754892222,v3.2.3 iter,P1  (LAI=0.5),DYN_S2_OPT_NM,Sentinel-2,opt
Jun,0.998166081830452,v3.2.3 iter,P1  (LAI=0.5),DYN_S2_OPT_NM,Sentinel-2,opt
Jul,0.991269643094682,v3.2.3 iter,P1  (LAI=0.5),DYN_S2_OPT_NM,Sentinel-2,opt
Aug,0.991686837293179,v3.2.3 iter,P1  (LAI=0.5),DYN_S2_OPT_NM,Sentinel-2,opt
Sep,0.984734039319143,v3.2.3 iter,P1  (LAI=0.5),DYN_S2_OPT_NM,Sentinel-2,opt
Oct,0.968582672116394,v3.2.3 iter,P1  (LAI=0.5),DYN_S2_OPT_NM,Sentinel-2,opt
Apr,0.987579190016507,v3.2.3 iter,P1  (LAI=0.5),DYN_ATBD_rfull_NM,S2 rescaled->LiDAR,ATBD
May,0.987876005128813,v3.2.3 iter,P1  (LAI=0.5),DYN_ATBD_rfull_NM,S2 rescaled->LiDAR,ATBD
Jun,0.996729222557588,v3.2.3 iter,P1  (LAI=0.5),DYN_ATBD_rfull_NM,S2 rescaled->LiDAR,ATBD
Jul,0.99036462869121,v3.2.3 iter,P1  (LAI=0.5),DYN_ATBD_rfull_NM,S2 rescaled->LiDAR,ATBD
Aug,0.990071137777615,v3.2.3 iter,P1  (LAI=0.5),DYN_ATBD_rfull_NM,S2 rescaled->LiDAR,ATBD
Sep,0.984445384813624,v3.2.3 iter,P1  (LAI=0.5),DYN_ATBD_rfull_NM,S2 rescaled->LiDAR,ATBD
Oct,0.968655329699612,v3.2.3 iter,P1  (LAI=0.5),DYN_ATBD_rfull_NM,S2 rescaled->LiDAR,ATBD
Apr,0.984386570262987,v3.2.3 iter,P1  (LAI=0.5),DYN_OPT_rdopt_NM,S2 rescaled->LiDAR,opt
May,0.984200212410257,v3.2.3 iter,P1  (LAI=0.5),DYN_OPT_rdopt_NM,S2 rescaled->LiDAR,opt
Jun,0.986842694321412,v3.2.3 iter,P1  (LAI=0.5),DYN_OPT_rdopt_NM,S2 rescaled->LiDAR,opt
Jul,0.983711464048237,v3.2.3 iter,P1  (LAI=0.5),DYN_OPT_rdopt_NM,S2 rescaled->LiDAR,opt
Aug,0.981083189268789,v3.2.3 iter,P1  (LAI=0.5),DYN_OPT_rdopt_NM,S2 rescaled->LiDAR,opt
Sep,0.980305640633097,v3.2.3 iter,P1  (LAI=0.5),DYN_OPT_rdopt_NM,S2 rescaled->LiDAR,opt
Oct,0.967507562044192,v3.2.3 iter,P1  (LAI=0.5),DYN_OPT_rdopt_NM,S2 rescaled->LiDAR,opt
Apr,0.982723649138955,v3.2.3 iter,P1  (LAI=0.5),DYN_ALS_S2TIMING_NM,Fusion (ALS x S2-timing),ALS
May,0.982071807140547,v3.2.3 iter,P1  (LAI=0.5),DYN_ALS_S2TIMING_NM,Fusion (ALS x S2-timing),ALS
Jun,0.981543402386628,v3.2.3 iter,P1  (LAI=0.5),DYN_ALS_S2TIMING_NM,Fusion (ALS x S2-timing),ALS
Jul,0.980533126909474,v3.2.3 iter,P1  (LAI=0.5),DYN_ALS_S2TIMING_NM,Fusion (ALS x S2-timing),ALS
Aug,0.978009515508113,v3.2.3 iter,P1  (LAI=0.5),DYN_ALS_S2TIMING_NM,Fusion (ALS x S2-timing),ALS
Sep,0.980112171707245,v3.2.3 iter,P1  (LAI=0.5),DYN_ALS_S2TIMING_NM,Fusion (ALS x S2-timing),ALS
Oct,0.968074772853983,v3.2.3 iter,P1  (LAI=0.5),DYN_ALS_S2TIMING_NM,Fusion (ALS x S2-timing),ALS
Apr,0.982816914524989,v3.2.3 iter,P1  (LAI=0.5),DYN_ALSoOPT_S2TIMING_NM,Fusion (ALS x S2-timing),ALSxopt
May,0.982193966765593,v3.2.3 iter,P1  (LAI=0.5),DYN_ALSoOPT_S2TIMING_NM,Fusion (ALS x S2-timing),ALSxopt
Jun,0.981769976289887,v3.2.3 iter,P1  (LAI=0.5),DYN_ALSoOPT_S2TIMING_NM,Fusion (ALS x S2-timing),ALSxopt
Jul,0.980241768549402,v3.2.3 iter,P1  (LAI=0.5),DYN_ALSoOPT_S2TIMING_NM,Fusion (ALS x S2-timing),ALSxopt
Aug,0.978123441282057,v3.2.3 iter,P1  (LAI=0.5),DYN_ALSoOPT_S2TIMING_NM,Fusion (ALS x S2-timing),ALSxopt
Sep,0.980173323810271,v3.2.3 iter,P1  (LAI=0.5),DYN_ALSoOPT_S2TIMING_NM,Fusion (ALS x S2-timing),ALSxopt
Oct,0.967420755483664,v3.2.3 iter,P1  (LAI=0.5),DYN_ALSoOPT_S2TIMING_NM,Fusion (ALS x S2-timing),ALSxopt
Apr,0.98277011519685,v3.2.3 iter,P2  (LAI=3.4),STATIC_ALS,LiDAR,full
May,0.950403936012716,v3.2.3 iter,P2  (LAI=3.4),STATIC_ALS,LiDAR,full
Jun,0.929034777162981,v3.2.3 iter,P2  (LAI=3.4),STATIC_ALS,LiDAR,full
Jul,0.933389760892176,v3.2.3 iter,P2  (LAI=3.4),STATIC_ALS,LiDAR,full
Aug,0.926706576294608,v3.2.3 iter,P2  (LAI=3.4),STATIC_ALS,LiDAR,full
Sep,0.892688127202488,v3.2.3 iter,P2  (LAI=3.4),STATIC_ALS,LiDAR,full
Oct,0.908191344936146,v3.2.3 iter,P2  (LAI=3.4),STATIC_ALS,LiDAR,full
Apr,0.98218699586273,v3.2.3 iter,P2  (LAI=3.4),STATIC_ALS_DOPT,LiDAR,d_opt
May,0.985239401741857,v3.2.3 iter,P2  (LAI=3.4),STATIC_ALS_DOPT,LiDAR,d_opt
Jun,0.978546095743369,v3.2.3 iter,P2  (LAI=3.4),STATIC_ALS_DOPT,LiDAR,d_opt
Jul,0.978536141496789,v3.2.3 iter,P2  (LAI=3.4),STATIC_ALS_DOPT,LiDAR,d_opt
Aug,0.974967971933085,v3.2.3 iter,P2  (LAI=3.4),STATIC_ALS_DOPT,LiDAR,d_opt
Sep,0.966707867207375,v3.2.3 iter,P2  (LAI=3.4),STATIC_ALS_DOPT,LiDAR,d_opt
Oct,0.95893052092296,v3.2.3 iter,P2  (LAI=3.4),STATIC_ALS_DOPT,LiDAR,d_opt
Apr,0.979765712930648,v3.2.3 iter,P2  (LAI=3.4),DYN_S2_ATBD_NM,Sentinel-2,ATBD
May,0.929324815554475,v3.2.3 iter,P2  (LAI=3.4),DYN_S2_ATBD_NM,Sentinel-2,ATBD
Jun,0.893962737721608,v3.2.3 iter,P2  (LAI=3.4),DYN_S2_ATBD_NM,Sentinel-2,ATBD
Jul,0.920433028324331,v3.2.3 iter,P2  (LAI=3.4),DYN_S2_ATBD_NM,Sentinel-2,ATBD
Aug,0.913062066185149,v3.2.3 iter,P2  (LAI=3.4),DYN_S2_ATBD_NM,Sentinel-2,ATBD
Sep,0.889697294427759,v3.2.3 iter,P2  (LAI=3.4),DYN_S2_ATBD_NM,Sentinel-2,ATBD
Oct,0.887088694673206,v3.2.3 iter,P2  (LAI=3.4),DYN_S2_ATBD_NM,Sentinel-2,ATBD
Apr,0.981215004742897,v3.2.3 iter,P2  (LAI=3.4),DYN_S2_OPT_NM,Sentinel-2,opt
May,0.940387686989708,v3.2.3 iter,P2  (LAI=3.4),DYN_S2_OPT_NM,Sentinel-2,opt
Jun,0.906712578817981,v3.2.3 iter,P2  (LAI=3.4),DYN_S2_OPT_NM,Sentinel-2,opt
Jul,0.929783933172537,v3.2.3 iter,P2  (LAI=3.4),DYN_S2_OPT_NM,Sentinel-2,opt
Aug,0.923949110248054,v3.2.3 iter,P2  (LAI=3.4),DYN_S2_OPT_NM,Sentinel-2,opt
Sep,0.901421335297722,v3.2.3 iter,P2  (LAI=3.4),DYN_S2_OPT_NM,Sentinel-2,opt
Oct,0.899888841221771,v3.2.3 iter,P2  (LAI=3.4),DYN_S2_OPT_NM,Sentinel-2,opt
Apr,0.984489802821352,v3.2.3 iter,P2  (LAI=3.4),DYN_ATBD_rfull_NM,S2 rescaled->LiDAR,ATBD
May,0.956462417635948,v3.2.3 iter,P2  (LAI=3.4),DYN_ATBD_rfull_NM,S2 rescaled->LiDAR,ATBD
Jun,0.927164757375816,v3.2.3 iter,P2  (LAI=3.4),DYN_ATBD_rfull_NM,S2 rescaled->LiDAR,ATBD
Jul,0.942441738170076,v3.2.3 iter,P2  (LAI=3.4),DYN_ATBD_rfull_NM,S2 rescaled->LiDAR,ATBD
Aug,0.940487842544615,v3.2.3 iter,P2  (LAI=3.4),DYN_ATBD_rfull_NM,S2 rescaled->LiDAR,ATBD
Sep,0.9201136967945,v3.2.3 iter,P2  (LAI=3.4),DYN_ATBD_rfull_NM,S2 rescaled->LiDAR,ATBD
Oct,0.917099788311952,v3.2.3 iter,P2  (LAI=3.4),DYN_ATBD_rfull_NM,S2 rescaled->LiDAR,ATBD
Apr,0.983405784603781,v3.2.3 iter,P2  (LAI=3.4),DYN_OPT_rdopt_NM,S2 rescaled->LiDAR,opt
May,0.985175836112091,v3.2.3 iter,P2  (LAI=3.4),DYN_OPT_rdopt_NM,S2 rescaled->LiDAR,opt
Jun,0.976005333412983,v3.2.3 iter,P2  (LAI=3.4),DYN_OPT_rdopt_NM,S2 rescaled->LiDAR,opt
Jul,0.979353459632987,v3.2.3 iter,P2  (LAI=3.4),DYN_OPT_rdopt_NM,S2 rescaled->LiDAR,opt
Aug,0.977164627324761,v3.2.3 iter,P2  (LAI=3.4),DYN_OPT_rdopt_NM,S2 rescaled->LiDAR,opt
Sep,0.973882960910396,v3.2.3 iter,P2  (LAI=3.4),DYN_OPT_rdopt_NM,S2 rescaled->LiDAR,opt
Oct,0.960992354841135,v3.2.3 iter,P2  (LAI=3.4),DYN_OPT_rdopt_NM,S2 rescaled->LiDAR,opt
Apr,0.98493396054064,v3.2.3 iter,P2  (LAI=3.4),DYN_ALS_S2TIMING_NM,Fusion (ALS x S2-timing),ALS
May,0.961904956546059,v3.2.3 iter,P2  (LAI=3.4),DYN_ALS_S2TIMING_NM,Fusion (ALS x S2-timing),ALS
Jun,0.933883584787186,v3.2.3 iter,P2  (LAI=3.4),DYN_ALS_S2TIMING_NM,Fusion (ALS x S2-timing),ALS
Jul,0.947240839558661,v3.2.3 iter,P2  (LAI=3.4),DYN_ALS_S2TIMING_NM,Fusion (ALS x S2-timing),ALS
Aug,0.946792424081256,v3.2.3 iter,P2  (LAI=3.4),DYN_ALS_S2TIMING_NM,Fusion (ALS x S2-timing),ALS
Sep,0.927812120749233,v3.2.3 iter,P2  (LAI=3.4),DYN_ALS_S2TIMING_NM,Fusion (ALS x S2-timing),ALS
Oct,0.925040143548841,v3.2.3 iter,P2  (LAI=3.4),DYN_ALS_S2TIMING_NM,Fusion (ALS x S2-timing),ALS
Apr,0.984262683172441,v3.2.3 iter,P2  (LAI=3.4),DYN_ALSoOPT_S2TIMING_NM,Fusion (ALS x S2-timing),ALSxopt
May,0.955199169371829,v3.2.3 iter,P2  (LAI=3.4),DYN_ALSoOPT_S2TIMING_NM,Fusion (ALS x S2-timing),ALSxopt
Jun,0.925139273420754,v3.2.3 iter,P2  (LAI=3.4),DYN_ALSoOPT_S2TIMING_NM,Fusion (ALS x S2-timing),ALSxopt
Jul,0.941351679152532,v3.2.3 iter,P2  (LAI=3.4),DYN_ALSoOPT_S2TIMING_NM,Fusion (ALS x S2-timing),ALSxopt
Aug,0.939317358818516,v3.2.3 iter,P2  (LAI=3.4),DYN_ALSoOPT_S2TIMING_NM,Fusion (ALS x S2-timing),ALSxopt
Sep,0.918211489952607,v3.2.3 iter,P2  (LAI=3.4),DYN_ALSoOPT_S2TIMING_NM,Fusion (ALS x S2-timing),ALSxopt
Oct,0.916089992188692,v3.2.3 iter,P2  (LAI=3.4),DYN_ALSoOPT_S2TIMING_NM,Fusion (ALS x S2-timing),ALSxopt
Apr,0.983493482255082,v3.2.3 iter,P3  (LAI=4.7),STATIC_ALS,LiDAR,full
May,0.904847197287621,v3.2.3 iter,P3  (LAI=4.7),STATIC_ALS,LiDAR,full
Jun,0.88319198659033,v3.2.3 iter,P3  (LAI=4.7),STATIC_ALS,LiDAR,full
Jul,0.88837952974769,v3.2.3 iter,P3  (LAI=4.7),STATIC_ALS,LiDAR,full
Aug,0.870947038046738,v3.2.3 iter,P3  (LAI=4.7),STATIC_ALS,LiDAR,full
Sep,0.830107859378012,v3.2.3 iter,P3  (LAI=4.7),STATIC_ALS,LiDAR,full
Oct,0.857355613130125,v3.2.3 iter,P3  (LAI=4.7),STATIC_ALS,LiDAR,full
Apr,0.981835121472798,v3.2.3 iter,P3  (LAI=4.7),STATIC_ALS_DOPT,LiDAR,d_opt
May,0.986800334138689,v3.2.3 iter,P3  (LAI=4.7),STATIC_ALS_DOPT,LiDAR,d_opt
Jun,0.98130976483743,v3.2.3 iter,P3  (LAI=4.7),STATIC_ALS_DOPT,LiDAR,d_opt
Jul,0.979060546656957,v3.2.3 iter,P3  (LAI=4.7),STATIC_ALS_DOPT,LiDAR,d_opt
Aug,0.97455099264677,v3.2.3 iter,P3  (LAI=4.7),STATIC_ALS_DOPT,LiDAR,d_opt
Sep,0.965105265672321,v3.2.3 iter,P3  (LAI=4.7),STATIC_ALS_DOPT,LiDAR,d_opt
Oct,0.958153644860029,v3.2.3 iter,P3  (LAI=4.7),STATIC_ALS_DOPT,LiDAR,d_opt
Apr,0.979045061689779,v3.2.3 iter,P3  (LAI=4.7),DYN_S2_ATBD_NM,Sentinel-2,ATBD
May,0.917569600663555,v3.2.3 iter,P3  (LAI=4.7),DYN_S2_ATBD_NM,Sentinel-2,ATBD
Jun,0.881271353598586,v3.2.3 iter,P3  (LAI=4.7),DYN_S2_ATBD_NM,Sentinel-2,ATBD
Jul,0.909590153150924,v3.2.3 iter,P3  (LAI=4.7),DYN_S2_ATBD_NM,Sentinel-2,ATBD
Aug,0.903899454603472,v3.2.3 iter,P3  (LAI=4.7),DYN_S2_ATBD_NM,Sentinel-2,ATBD
Sep,0.879535604399039,v3.2.3 iter,P3  (LAI=4.7),DYN_S2_ATBD_NM,Sentinel-2,ATBD
Oct,0.877250748292651,v3.2.3 iter,P3  (LAI=4.7),DYN_S2_ATBD_NM,Sentinel-2,ATBD
Apr,0.982180233843258,v3.2.3 iter,P3  (LAI=4.7),DYN_S2_OPT_NM,Sentinel-2,opt
May,0.931652335666291,v3.2.3 iter,P3  (LAI=4.7),DYN_S2_OPT_NM,Sentinel-2,opt
Jun,0.898370777452644,v3.2.3 iter,P3  (LAI=4.7),DYN_S2_OPT_NM,Sentinel-2,opt
Jul,0.921048763032181,v3.2.3 iter,P3  (LAI=4.7),DYN_S2_OPT_NM,Sentinel-2,opt
Aug,0.917684202543808,v3.2.3 iter,P3  (LAI=4.7),DYN_S2_OPT_NM,Sentinel-2,opt
Sep,0.893957098071129,v3.2.3 iter,P3  (LAI=4.7),DYN_S2_OPT_NM,Sentinel-2,opt
Oct,0.891498488040027,v3.2.3 iter,P3  (LAI=4.7),DYN_S2_OPT_NM,Sentinel-2,opt
Apr,0.98484233779846,v3.2.3 iter,P3  (LAI=4.7),DYN_ATBD_rfull_NM,S2 rescaled->LiDAR,ATBD
May,0.950311168843387,v3.2.3 iter,P3  (LAI=4.7),DYN_ATBD_rfull_NM,S2 rescaled->LiDAR,ATBD
Jun,0.917451813597703,v3.2.3 iter,P3  (LAI=4.7),DYN_ATBD_rfull_NM,S2 rescaled->LiDAR,ATBD
Jul,0.934882038715842,v3.2.3 iter,P3  (LAI=4.7),DYN_ATBD_rfull_NM,S2 rescaled->LiDAR,ATBD
Aug,0.933316733830907,v3.2.3 iter,P3  (LAI=4.7),DYN_ATBD_rfull_NM,S2 rescaled->LiDAR,ATBD
Sep,0.91380364813404,v3.2.3 iter,P3  (LAI=4.7),DYN_ATBD_rfull_NM,S2 rescaled->LiDAR,ATBD
Oct,0.910888657215474,v3.2.3 iter,P3  (LAI=4.7),DYN_ATBD_rfull_NM,S2 rescaled->LiDAR,ATBD
Apr,0.984319431294228,v3.2.3 iter,P3  (LAI=4.7),DYN_OPT_rdopt_NM,S2 rescaled->LiDAR,opt
May,0.986371478189623,v3.2.3 iter,P3  (LAI=4.7),DYN_OPT_rdopt_NM,S2 rescaled->LiDAR,opt
Jun,0.978788837919505,v3.2.3 iter,P3  (LAI=4.7),DYN_OPT_rdopt_NM,S2 rescaled->LiDAR,opt
Jul,0.979680581327426,v3.2.3 iter,P3  (LAI=4.7),DYN_OPT_rdopt_NM,S2 rescaled->LiDAR,opt
Aug,0.977400386240412,v3.2.3 iter,P3  (LAI=4.7),DYN_OPT_rdopt_NM,S2 rescaled->LiDAR,opt
Sep,0.973089328188331,v3.2.3 iter,P3  (LAI=4.7),DYN_OPT_rdopt_NM,S2 rescaled->LiDAR,opt
Oct,0.959376549432837,v3.2.3 iter,P3  (LAI=4.7),DYN_OPT_rdopt_NM,S2 rescaled->LiDAR,opt
Apr,0.978720173638176,v3.2.3 iter,P3  (LAI=4.7),DYN_ALS_S2TIMING_NM,Fusion (ALS x S2-timing),ALS
May,0.917061309817988,v3.2.3 iter,P3  (LAI=4.7),DYN_ALS_S2TIMING_NM,Fusion (ALS x S2-timing),ALS
Jun,0.880442620912361,v3.2.3 iter,P3  (LAI=4.7),DYN_ALS_S2TIMING_NM,Fusion (ALS x S2-timing),ALS
Jul,0.909292427080895,v3.2.3 iter,P3  (LAI=4.7),DYN_ALS_S2TIMING_NM,Fusion (ALS x S2-timing),ALS
Aug,0.903346889868507,v3.2.3 iter,P3  (LAI=4.7),DYN_ALS_S2TIMING_NM,Fusion (ALS x S2-timing),ALS
Sep,0.878518753140397,v3.2.3 iter,P3  (LAI=4.7),DYN_ALS_S2TIMING_NM,Fusion (ALS x S2-timing),ALS
Oct,0.876721793964509,v3.2.3 iter,P3  (LAI=4.7),DYN_ALS_S2TIMING_NM,Fusion (ALS x S2-timing),ALS
Apr,0.975493473560451,v3.2.3 iter,P3  (LAI=4.7),DYN_ALSoOPT_S2TIMING_NM,Fusion (ALS x S2-timing),ALSxopt
May,0.900134466798337,v3.2.3 iter,P3  (LAI=4.7),DYN_ALSoOPT_S2TIMING_NM,Fusion (ALS x S2-timing),ALSxopt
Jun,0.857330951491146,v3.2.3 iter,P3  (LAI=4.7),DYN_ALSoOPT_S2TIMING_NM,Fusion (ALS x S2-timing),ALSxopt
Jul,0.895191295927503,v3.2.3 iter,P3  (LAI=4.7),DYN_ALSoOPT_S2TIMING_NM,Fusion (ALS x S2-timing),ALSxopt
Aug,0.88661362612235,v3.2.3 iter,P3  (LAI=4.7),DYN_ALSoOPT_S2TIMING_NM,Fusion (ALS x S2-timing),ALSxopt
Sep,0.861617239460492,v3.2.3 iter,P3  (LAI=4.7),DYN_ALSoOPT_S2TIMING_NM,Fusion (ALS x S2-timing),ALSxopt
Oct,0.861174298726158,v3.2.3 iter,P3  (LAI=4.7),DYN_ALSoOPT_S2TIMING_NM,Fusion (ALS x S2-timing),ALSxopt
Apr,0.982853506522813,v3.2.3 iter,P4  (LAI=5.7),STATIC_ALS,LiDAR,full
May,0.920262518834506,v3.2.3 iter,P4  (LAI=5.7),STATIC_ALS,LiDAR,full
Jun,0.898867377269699,v3.2.3 iter,P4  (LAI=5.7),STATIC_ALS,LiDAR,full
Jul,0.909150613545505,v3.2.3 iter,P4  (LAI=5.7),STATIC_ALS,LiDAR,full
Aug,0.888484045105431,v3.2.3 iter,P4  (LAI=5.7),STATIC_ALS,LiDAR,full
Sep,0.843071419541234,v3.2.3 iter,P4  (LAI=5.7),STATIC_ALS,LiDAR,full
Oct,0.878099814196406,v3.2.3 iter,P4  (LAI=5.7),STATIC_ALS,LiDAR,full
Apr,0.981817347411275,v3.2.3 iter,P4  (LAI=5.7),STATIC_ALS_DOPT,LiDAR,d_opt
May,0.984138453436497,v3.2.3 iter,P4  (LAI=5.7),STATIC_ALS_DOPT,LiDAR,d_opt
Jun,0.98049549080946,v3.2.3 iter,P4  (LAI=5.7),STATIC_ALS_DOPT,LiDAR,d_opt
Jul,0.979560398752536,v3.2.3 iter,P4  (LAI=5.7),STATIC_ALS_DOPT,LiDAR,d_opt
Aug,0.977804921986049,v3.2.3 iter,P4  (LAI=5.7),STATIC_ALS_DOPT,LiDAR,d_opt
Sep,0.972139911670823,v3.2.3 iter,P4  (LAI=5.7),STATIC_ALS_DOPT,LiDAR,d_opt
Oct,0.96277066970845,v3.2.3 iter,P4  (LAI=5.7),STATIC_ALS_DOPT,LiDAR,d_opt
Apr,0.948663785742728,v3.2.3 iter,P4  (LAI=5.7),DYN_S2_ATBD_NM,Sentinel-2,ATBD
May,0.933254096711698,v3.2.3 iter,P4  (LAI=5.7),DYN_S2_ATBD_NM,Sentinel-2,ATBD
Jun,0.936186619649002,v3.2.3 iter,P4  (LAI=5.7),DYN_S2_ATBD_NM,Sentinel-2,ATBD
Jul,0.950586788698906,v3.2.3 iter,P4  (LAI=5.7),DYN_S2_ATBD_NM,Sentinel-2,ATBD
Aug,0.950534102017032,v3.2.3 iter,P4  (LAI=5.7),DYN_S2_ATBD_NM,Sentinel-2,ATBD
Sep,0.925161379549849,v3.2.3 iter,P4  (LAI=5.7),DYN_S2_ATBD_NM,Sentinel-2,ATBD
Oct,0.923365914264537,v3.2.3 iter,P4  (LAI=5.7),DYN_S2_ATBD_NM,Sentinel-2,ATBD
Apr,0.957334086849982,v3.2.3 iter,P4  (LAI=5.7),DYN_S2_OPT_NM,Sentinel-2,opt
May,0.945205732213564,v3.2.3 iter,P4  (LAI=5.7),DYN_S2_OPT_NM,Sentinel-2,opt
Jun,0.94709236659433,v3.2.3 iter,P4  (LAI=5.7),DYN_S2_OPT_NM,Sentinel-2,opt
Jul,0.958081013797564,v3.2.3 iter,P4  (LAI=5.7),DYN_S2_OPT_NM,Sentinel-2,opt
Aug,0.957600361356739,v3.2.3 iter,P4  (LAI=5.7),DYN_S2_OPT_NM,Sentinel-2,opt
Sep,0.935743645894786,v3.2.3 iter,P4  (LAI=5.7),DYN_S2_OPT_NM,Sentinel-2,opt
Oct,0.933081904331294,v3.2.3 iter,P4  (LAI=5.7),DYN_S2_OPT_NM,Sentinel-2,opt
Apr,0.965784282979276,v3.2.3 iter,P4  (LAI=5.7),DYN_ATBD_rfull_NM,S2 rescaled->LiDAR,ATBD
May,0.956678981572711,v3.2.3 iter,P4  (LAI=5.7),DYN_ATBD_rfull_NM,S2 rescaled->LiDAR,ATBD
Jun,0.957223297455403,v3.2.3 iter,P4  (LAI=5.7),DYN_ATBD_rfull_NM,S2 rescaled->LiDAR,ATBD
Jul,0.963685246597708,v3.2.3 iter,P4  (LAI=5.7),DYN_ATBD_rfull_NM,S2 rescaled->LiDAR,ATBD
Aug,0.964952612731359,v3.2.3 iter,P4  (LAI=5.7),DYN_ATBD_rfull_NM,S2 rescaled->LiDAR,ATBD
Sep,0.946101267852135,v3.2.3 iter,P4  (LAI=5.7),DYN_ATBD_rfull_NM,S2 rescaled->LiDAR,ATBD
Oct,0.942383959111638,v3.2.3 iter,P4  (LAI=5.7),DYN_ATBD_rfull_NM,S2 rescaled->LiDAR,ATBD
Apr,0.982873589770905,v3.2.3 iter,P4  (LAI=5.7),DYN_OPT_rdopt_NM,S2 rescaled->LiDAR,opt
May,0.982025615097788,v3.2.3 iter,P4  (LAI=5.7),DYN_OPT_rdopt_NM,S2 rescaled->LiDAR,opt
Jun,0.980590951590731,v3.2.3 iter,P4  (LAI=5.7),DYN_OPT_rdopt_NM,S2 rescaled->LiDAR,opt
Jul,0.979816739528025,v3.2.3 iter,P4  (LAI=5.7),DYN_OPT_rdopt_NM,S2 rescaled->LiDAR,opt
Aug,0.978452098179462,v3.2.3 iter,P4  (LAI=5.7),DYN_OPT_rdopt_NM,S2 rescaled->LiDAR,opt
Sep,0.976178903322275,v3.2.3 iter,P4  (LAI=5.7),DYN_OPT_rdopt_NM,S2 rescaled->LiDAR,opt
Oct,0.963752010461332,v3.2.3 iter,P4  (LAI=5.7),DYN_OPT_rdopt_NM,S2 rescaled->LiDAR,opt
Apr,0.931142810850161,v3.2.3 iter,P4  (LAI=5.7),DYN_ALS_S2TIMING_NM,Fusion (ALS x S2-timing),ALS
May,0.908830761375632,v3.2.3 iter,P4  (LAI=5.7),DYN_ALS_S2TIMING_NM,Fusion (ALS x S2-timing),ALS
Jun,0.906051308403519,v3.2.3 iter,P4  (LAI=5.7),DYN_ALS_S2TIMING_NM,Fusion (ALS x S2-timing),ALS
Jul,0.932383660418474,v3.2.3 iter,P4  (LAI=5.7),DYN_ALS_S2TIMING_NM,Fusion (ALS x S2-timing),ALS
Aug,0.931046354979581,v3.2.3 iter,P4  (LAI=5.7),DYN_ALS_S2TIMING_NM,Fusion (ALS x S2-timing),ALS
Sep,0.901729070227636,v3.2.3 iter,P4  (LAI=5.7),DYN_ALS_S2TIMING_NM,Fusion (ALS x S2-timing),ALS
Oct,0.903478353111936,v3.2.3 iter,P4  (LAI=5.7),DYN_ALS_S2TIMING_NM,Fusion (ALS x S2-timing),ALS
Apr,0.917906316735732,v3.2.3 iter,P4  (LAI=5.7),DYN_ALSoOPT_S2TIMING_NM,Fusion (ALS x S2-timing),ALSxopt
May,0.889656091563178,v3.2.3 iter,P4  (LAI=5.7),DYN_ALSoOPT_S2TIMING_NM,Fusion (ALS x S2-timing),ALSxopt
Jun,0.879808846029586,v3.2.3 iter,P4  (LAI=5.7),DYN_ALSoOPT_S2TIMING_NM,Fusion (ALS x S2-timing),ALSxopt
Jul,0.916009559933806,v3.2.3 iter,P4  (LAI=5.7),DYN_ALSoOPT_S2TIMING_NM,Fusion (ALS x S2-timing),ALSxopt
Aug,0.914425015059869,v3.2.3 iter,P4  (LAI=5.7),DYN_ALSoOPT_S2TIMING_NM,Fusion (ALS x S2-timing),ALSxopt
Sep,0.883643776900552,v3.2.3 iter,P4  (LAI=5.7),DYN_ALSoOPT_S2TIMING_NM,Fusion (ALS x S2-timing),ALSxopt
Oct,0.890036759680521,v3.2.3 iter,P4  (LAI=5.7),DYN_ALSoOPT_S2TIMING_NM,Fusion (ALS x S2-timing),ALSxopt
