mo,version,scenario,n,sl_r2,month,label
2021-04,v3.2.0,STATIC_ALS,30,0.0916126543792411,04,LiDAR full
2021-05,v3.2.0,STATIC_ALS,53,0.892834064196208,05,LiDAR full
2021-06,v3.2.0,STATIC_ALS,53,0.894289329169374,06,LiDAR full
2021-07,v3.2.0,STATIC_ALS,53,0.869581311339378,07,LiDAR full
2021-08,v3.2.0,STATIC_ALS,53,0.905869936089959,08,LiDAR full
2021-09,v3.2.0,STATIC_ALS,53,0.917856677250741,09,LiDAR full
2021-10,v3.2.0,STATIC_ALS,52,0.864521946712445,10,LiDAR full
2021-11,v3.2.0,STATIC_ALS,52,0.375705336422792,11,LiDAR full
2021-04,v3.2.0,STATIC_ALS_DOPT,30,0.277224017776672,04,LiDAR d_opt
2021-05,v3.2.0,STATIC_ALS_DOPT,53,0.393914668221545,05,LiDAR d_opt
2021-06,v3.2.0,STATIC_ALS_DOPT,53,0.643162683840121,06,LiDAR d_opt
2021-07,v3.2.0,STATIC_ALS_DOPT,53,0.507315734229185,07,LiDAR d_opt
2021-08,v3.2.0,STATIC_ALS_DOPT,53,0.612158661877336,08,LiDAR d_opt
2021-09,v3.2.0,STATIC_ALS_DOPT,53,0.720942444992345,09,LiDAR d_opt
2021-10,v3.2.0,STATIC_ALS_DOPT,52,0.65881123562878,10,LiDAR d_opt
2021-11,v3.2.0,STATIC_ALS_DOPT,52,0.0301699118544974,11,LiDAR d_opt
2021-04,v3.2.0,DYN_S2_ATBD_NM,30,0.508220879506336,04,S2 ATBD
2021-05,v3.2.0,DYN_S2_ATBD_NM,53,0.656360647287338,05,S2 ATBD
2021-06,v3.2.0,DYN_S2_ATBD_NM,53,0.683068528836992,06,S2 ATBD
2021-07,v3.2.0,DYN_S2_ATBD_NM,53,0.676197033065269,07,S2 ATBD
2021-08,v3.2.0,DYN_S2_ATBD_NM,53,0.663545763332717,08,S2 ATBD
2021-09,v3.2.0,DYN_S2_ATBD_NM,53,0.667987402554481,09,S2 ATBD
2021-10,v3.2.0,DYN_S2_ATBD_NM,52,0.677020362594807,10,S2 ATBD
2021-11,v3.2.0,DYN_S2_ATBD_NM,52,0.442489653802334,11,S2 ATBD
2021-04,v3.2.0,DYN_S2_OPT_NM,30,0.5281366315345,04,S2 opt
2021-05,v3.2.0,DYN_S2_OPT_NM,53,0.641273255412531,05,S2 opt
2021-06,v3.2.0,DYN_S2_OPT_NM,53,0.692535004131641,06,S2 opt
2021-07,v3.2.0,DYN_S2_OPT_NM,53,0.682415694687528,07,S2 opt
2021-08,v3.2.0,DYN_S2_OPT_NM,53,0.669952372580565,08,S2 opt
2021-09,v3.2.0,DYN_S2_OPT_NM,53,0.703539950472134,09,S2 opt
2021-10,v3.2.0,DYN_S2_OPT_NM,52,0.685938963137403,10,S2 opt
2021-11,v3.2.0,DYN_S2_OPT_NM,52,0.412472403727118,11,S2 opt
2021-04,v3.2.0,DYN_ATBD_rfull_NM,30,0.413108202765226,04,S2 ATBD x->full
2021-05,v3.2.0,DYN_ATBD_rfull_NM,53,0.649700007499944,05,S2 ATBD x->full
2021-06,v3.2.0,DYN_ATBD_rfull_NM,53,0.71144875877191,06,S2 ATBD x->full
2021-07,v3.2.0,DYN_ATBD_rfull_NM,53,0.708512692356594,07,S2 ATBD x->full
2021-08,v3.2.0,DYN_ATBD_rfull_NM,53,0.667649695624337,08,S2 ATBD x->full
2021-09,v3.2.0,DYN_ATBD_rfull_NM,53,0.709582315124436,09,S2 ATBD x->full
2021-10,v3.2.0,DYN_ATBD_rfull_NM,52,0.71676800100169,10,S2 ATBD x->full
2021-11,v3.2.0,DYN_ATBD_rfull_NM,52,0.388716403446227,11,S2 ATBD x->full
2021-04,v3.2.0,DYN_OPT_rdopt_NM,30,0.091954732363984,04,S2 opt x->d_opt
2021-05,v3.2.0,DYN_OPT_rdopt_NM,53,0.329988321749657,05,S2 opt x->d_opt
2021-06,v3.2.0,DYN_OPT_rdopt_NM,53,0.689041971914355,06,S2 opt x->d_opt
2021-07,v3.2.0,DYN_OPT_rdopt_NM,53,0.548617261846224,07,S2 opt x->d_opt
2021-08,v3.2.0,DYN_OPT_rdopt_NM,53,0.576080173965457,08,S2 opt x->d_opt
2021-09,v3.2.0,DYN_OPT_rdopt_NM,53,0.665394490041088,09,S2 opt x->d_opt
2021-10,v3.2.0,DYN_OPT_rdopt_NM,52,0.628621627997067,10,S2 opt x->d_opt
2021-11,v3.2.0,DYN_OPT_rdopt_NM,52,0.307305008098053,11,S2 opt x->d_opt
2021-04,v3.2.0,DYN_ALS_S2TIMING_NM,30,0.603606860592086,04,S2t.ALS/ATBD
2021-05,v3.2.0,DYN_ALS_S2TIMING_NM,53,0.869178011791571,05,S2t.ALS/ATBD
2021-06,v3.2.0,DYN_ALS_S2TIMING_NM,53,0.878311853358813,06,S2t.ALS/ATBD
2021-07,v3.2.0,DYN_ALS_S2TIMING_NM,53,0.869143758987151,07,S2t.ALS/ATBD
2021-08,v3.2.0,DYN_ALS_S2TIMING_NM,53,0.875308983580899,08,S2t.ALS/ATBD
2021-09,v3.2.0,DYN_ALS_S2TIMING_NM,53,0.905805487675194,09,S2t.ALS/ATBD
2021-10,v3.2.0,DYN_ALS_S2TIMING_NM,52,0.792867807401818,10,S2t.ALS/ATBD
2021-11,v3.2.0,DYN_ALS_S2TIMING_NM,52,0.293461202783227,11,S2t.ALS/ATBD
2021-04,v3.2.0,DYN_ALSoOPT_S2TIMING_NM,30,0.640308960393992,04,S2t.ALS/opt
2021-05,v3.2.0,DYN_ALSoOPT_S2TIMING_NM,53,0.866805731923575,05,S2t.ALS/opt
2021-06,v3.2.0,DYN_ALSoOPT_S2TIMING_NM,53,0.873707055939405,06,S2t.ALS/opt
2021-07,v3.2.0,DYN_ALSoOPT_S2TIMING_NM,53,0.846307600643728,07,S2t.ALS/opt
2021-08,v3.2.0,DYN_ALSoOPT_S2TIMING_NM,53,0.872502833585788,08,S2t.ALS/opt
2021-09,v3.2.0,DYN_ALSoOPT_S2TIMING_NM,53,0.889599128934973,09,S2t.ALS/opt
2021-10,v3.2.0,DYN_ALSoOPT_S2TIMING_NM,52,0.838301512481102,10,S2t.ALS/opt
2021-11,v3.2.0,DYN_ALSoOPT_S2TIMING_NM,52,0.296273627979943,11,S2t.ALS/opt
2021-04,v3.2.0,FUSION_H,30,0.65200531374085,04,Fusion-H (layered)
2021-05,v3.2.0,FUSION_H,53,0.736329194702728,05,Fusion-H (layered)
2021-06,v3.2.0,FUSION_H,53,0.794410063481481,06,Fusion-H (layered)
2021-07,v3.2.0,FUSION_H,53,0.749794120099733,07,Fusion-H (layered)
2021-08,v3.2.0,FUSION_H,53,0.701572706099614,08,Fusion-H (layered)
2021-09,v3.2.0,FUSION_H,53,0.6975955537653,09,Fusion-H (layered)
2021-10,v3.2.0,FUSION_H,52,0.583016567867814,10,Fusion-H (layered)
2021-11,v3.2.0,FUSION_H,52,0.424979574136988,11,Fusion-H (layered)
2021-04,v3.2.0,DYN_RF,30,0.354318683282766,04,S2 RF (dyn)
2021-05,v3.2.0,DYN_RF,53,0.899247941465771,05,S2 RF (dyn)
2021-06,v3.2.0,DYN_RF,53,0.863611144279036,06,S2 RF (dyn)
2021-07,v3.2.0,DYN_RF,53,0.850449247505242,07,S2 RF (dyn)
2021-08,v3.2.0,DYN_RF,53,0.894537837090569,08,S2 RF (dyn)
2021-09,v3.2.0,DYN_RF,53,0.911804644973883,09,S2 RF (dyn)
2021-10,v3.2.0,DYN_RF,52,0.889318173361457,10,S2 RF (dyn)
2021-11,v3.2.0,DYN_RF,52,0.825971580598049,11,S2 RF (dyn)
2021-04,v3.2.0,DYN_S2_ANNUAL,30,0.753704855634104,04,S2 annual (dyn)
2021-05,v3.2.0,DYN_S2_ANNUAL,53,0.899720019206398,05,S2 annual (dyn)
2021-06,v3.2.0,DYN_S2_ANNUAL,53,0.911664136604833,06,S2 annual (dyn)
2021-07,v3.2.0,DYN_S2_ANNUAL,53,0.863647933492754,07,S2 annual (dyn)
2021-08,v3.2.0,DYN_S2_ANNUAL,53,0.871120744712217,08,S2 annual (dyn)
2021-09,v3.2.0,DYN_S2_ANNUAL,53,0.896768392434362,09,S2 annual (dyn)
2021-10,v3.2.0,DYN_S2_ANNUAL,52,0.78777917539552,10,S2 annual (dyn)
2021-11,v3.2.0,DYN_S2_ANNUAL,52,0.513778858559551,11,S2 annual (dyn)
2021-04,v3.2.0,CONST_ALS,30,0.586970854221688,04,LiDAR const
2021-05,v3.2.0,CONST_ALS,53,0.889313176828735,05,LiDAR const
2021-06,v3.2.0,CONST_ALS,53,0.879061282405405,06,LiDAR const
2021-07,v3.2.0,CONST_ALS,53,0.870174758659429,07,LiDAR const
2021-08,v3.2.0,CONST_ALS,53,0.895992121113922,08,LiDAR const
2021-09,v3.2.0,CONST_ALS,53,0.90684399285539,09,LiDAR const
2021-10,v3.2.0,CONST_ALS,52,0.865769762497402,10,LiDAR const
2021-11,v3.2.0,CONST_ALS,52,0.876020445525167,11,LiDAR const
2021-04,v3.2.0,NAIVE_S2_FORMSH,30,0.650124810526476,04,S2 naive
2021-05,v3.2.0,NAIVE_S2_FORMSH,53,0.576474726426918,05,S2 naive
2021-06,v3.2.0,NAIVE_S2_FORMSH,53,0.606637846384106,06,S2 naive
2021-07,v3.2.0,NAIVE_S2_FORMSH,53,0.619662970493215,07,S2 naive
2021-08,v3.2.0,NAIVE_S2_FORMSH,53,0.582716066016069,08,S2 naive
2021-09,v3.2.0,NAIVE_S2_FORMSH,53,0.6518508895974,09,S2 naive
2021-10,v3.2.0,NAIVE_S2_FORMSH,52,0.608845048803254,10,S2 naive
2021-11,v3.2.0,NAIVE_S2_FORMSH,52,0.541767492400035,11,S2 naive
2021-04,v3.2.3 iter,STATIC_ALS,30,0.427839212595207,04,LiDAR full
2021-05,v3.2.3 iter,STATIC_ALS,53,0.623587772840165,05,LiDAR full
2021-06,v3.2.3 iter,STATIC_ALS,53,0.586792291443735,06,LiDAR full
2021-07,v3.2.3 iter,STATIC_ALS,53,0.631883759843495,07,LiDAR full
2021-08,v3.2.3 iter,STATIC_ALS,53,0.581174366142997,08,LiDAR full
2021-09,v3.2.3 iter,STATIC_ALS,53,0.664120330100698,09,LiDAR full
2021-10,v3.2.3 iter,STATIC_ALS,52,0.664082358113354,10,LiDAR full
2021-11,v3.2.3 iter,STATIC_ALS,52,0.503220512545112,11,LiDAR full
2021-04,v3.2.3 iter,STATIC_ALS_DOPT,30,0.488127677061529,04,LiDAR d_opt
2021-05,v3.2.3 iter,STATIC_ALS_DOPT,53,0.00599840826537755,05,LiDAR d_opt
2021-06,v3.2.3 iter,STATIC_ALS_DOPT,53,0.0832937516765045,06,LiDAR d_opt
2021-07,v3.2.3 iter,STATIC_ALS_DOPT,53,0.10684040645081,07,LiDAR d_opt
2021-08,v3.2.3 iter,STATIC_ALS_DOPT,53,0.141054936584329,08,LiDAR d_opt
2021-09,v3.2.3 iter,STATIC_ALS_DOPT,53,0.261286000368831,09,LiDAR d_opt
2021-10,v3.2.3 iter,STATIC_ALS_DOPT,52,0.140195184122572,10,LiDAR d_opt
2021-11,v3.2.3 iter,STATIC_ALS_DOPT,52,0.0880955601104384,11,LiDAR d_opt
2021-04,v3.2.3 iter,DYN_S2_ATBD_NM,30,0.156688387060113,04,S2 ATBD
2021-05,v3.2.3 iter,DYN_S2_ATBD_NM,53,0.749548441044283,05,S2 ATBD
2021-06,v3.2.3 iter,DYN_S2_ATBD_NM,53,0.735962273048716,06,S2 ATBD
2021-07,v3.2.3 iter,DYN_S2_ATBD_NM,53,0.751675123531098,07,S2 ATBD
2021-08,v3.2.3 iter,DYN_S2_ATBD_NM,53,0.70873585461257,08,S2 ATBD
2021-09,v3.2.3 iter,DYN_S2_ATBD_NM,53,0.763287833054063,09,S2 ATBD
2021-10,v3.2.3 iter,DYN_S2_ATBD_NM,52,0.660978973652719,10,S2 ATBD
2021-11,v3.2.3 iter,DYN_S2_ATBD_NM,52,0.188244872321935,11,S2 ATBD
2021-04,v3.2.3 iter,DYN_S2_OPT_NM,30,0.0909693382370593,04,S2 opt
2021-05,v3.2.3 iter,DYN_S2_OPT_NM,53,0.697153768994938,05,S2 opt
2021-06,v3.2.3 iter,DYN_S2_OPT_NM,53,0.722464561649821,06,S2 opt
2021-07,v3.2.3 iter,DYN_S2_OPT_NM,53,0.738483018108647,07,S2 opt
2021-08,v3.2.3 iter,DYN_S2_OPT_NM,53,0.688008597674357,08,S2 opt
2021-09,v3.2.3 iter,DYN_S2_OPT_NM,53,0.73701317695566,09,S2 opt
2021-10,v3.2.3 iter,DYN_S2_OPT_NM,52,0.630304047284309,10,S2 opt
2021-11,v3.2.3 iter,DYN_S2_OPT_NM,52,0.161833787087713,11,S2 opt
2021-04,v3.2.3 iter,DYN_ATBD_rfull_NM,30,0.0429234261090991,04,S2 ATBD x->full
2021-05,v3.2.3 iter,DYN_ATBD_rfull_NM,53,0.647227788653549,05,S2 ATBD x->full
2021-06,v3.2.3 iter,DYN_ATBD_rfull_NM,53,0.727578259398452,06,S2 ATBD x->full
2021-07,v3.2.3 iter,DYN_ATBD_rfull_NM,53,0.722519261296979,07,S2 ATBD x->full
2021-08,v3.2.3 iter,DYN_ATBD_rfull_NM,53,0.682718968035649,08,S2 ATBD x->full
2021-09,v3.2.3 iter,DYN_ATBD_rfull_NM,53,0.756431742715277,09,S2 ATBD x->full
2021-10,v3.2.3 iter,DYN_ATBD_rfull_NM,52,0.62494887269334,10,S2 ATBD x->full
2021-11,v3.2.3 iter,DYN_ATBD_rfull_NM,52,0.155220784706048,11,S2 ATBD x->full
2021-04,v3.2.3 iter,DYN_OPT_rdopt_NM,30,0.000178350718296239,04,S2 opt x->d_opt
2021-05,v3.2.3 iter,DYN_OPT_rdopt_NM,53,0.187383053859952,05,S2 opt x->d_opt
2021-06,v3.2.3 iter,DYN_OPT_rdopt_NM,53,0.376871177280554,06,S2 opt x->d_opt
2021-07,v3.2.3 iter,DYN_OPT_rdopt_NM,53,0.438006824744031,07,S2 opt x->d_opt
2021-08,v3.2.3 iter,DYN_OPT_rdopt_NM,53,0.399378239549369,08,S2 opt x->d_opt
2021-09,v3.2.3 iter,DYN_OPT_rdopt_NM,53,0.583858470452248,09,S2 opt x->d_opt
2021-10,v3.2.3 iter,DYN_OPT_rdopt_NM,52,0.441797022520354,10,S2 opt x->d_opt
2021-11,v3.2.3 iter,DYN_OPT_rdopt_NM,52,0.151864822203143,11,S2 opt x->d_opt
2021-04,v3.2.3 iter,DYN_ALS_S2TIMING_NM,30,0.292528609893681,04,S2t.ALS/ATBD
2021-05,v3.2.3 iter,DYN_ALS_S2TIMING_NM,53,0.611292581109841,05,S2t.ALS/ATBD
2021-06,v3.2.3 iter,DYN_ALS_S2TIMING_NM,53,0.606858950475293,06,S2t.ALS/ATBD
2021-07,v3.2.3 iter,DYN_ALS_S2TIMING_NM,53,0.641350139520955,07,S2t.ALS/ATBD
2021-08,v3.2.3 iter,DYN_ALS_S2TIMING_NM,53,0.587612863675444,08,S2t.ALS/ATBD
2021-09,v3.2.3 iter,DYN_ALS_S2TIMING_NM,53,0.641272123654457,09,S2t.ALS/ATBD
2021-10,v3.2.3 iter,DYN_ALS_S2TIMING_NM,52,0.596434718170532,10,S2t.ALS/ATBD
2021-11,v3.2.3 iter,DYN_ALS_S2TIMING_NM,52,0.206549044340313,11,S2t.ALS/ATBD
2021-04,v3.2.3 iter,DYN_ALSoOPT_S2TIMING_NM,30,0.345954948218806,04,S2t.ALS/opt
2021-05,v3.2.3 iter,DYN_ALSoOPT_S2TIMING_NM,53,0.61234108533147,05,S2t.ALS/opt
2021-06,v3.2.3 iter,DYN_ALSoOPT_S2TIMING_NM,53,0.576268325668977,06,S2t.ALS/opt
2021-07,v3.2.3 iter,DYN_ALSoOPT_S2TIMING_NM,53,0.618503609539209,07,S2t.ALS/opt
2021-08,v3.2.3 iter,DYN_ALSoOPT_S2TIMING_NM,53,0.562191362774407,08,S2t.ALS/opt
2021-09,v3.2.3 iter,DYN_ALSoOPT_S2TIMING_NM,53,0.633989550101039,09,S2t.ALS/opt
2021-10,v3.2.3 iter,DYN_ALSoOPT_S2TIMING_NM,52,0.606322070666554,10,S2t.ALS/opt
2021-11,v3.2.3 iter,DYN_ALSoOPT_S2TIMING_NM,52,0.225212387018069,11,S2t.ALS/opt
2021-04,v3.2.3 iter,FUSION_H,30,0.375848136227949,04,Fusion-H (layered)
2021-05,v3.2.3 iter,FUSION_H,53,0.660640783822523,05,Fusion-H (layered)
2021-06,v3.2.3 iter,FUSION_H,53,0.636494549973454,06,Fusion-H (layered)
2021-07,v3.2.3 iter,FUSION_H,53,0.785199205289632,07,Fusion-H (layered)
2021-08,v3.2.3 iter,FUSION_H,53,0.695184944752354,08,Fusion-H (layered)
2021-09,v3.2.3 iter,FUSION_H,53,0.676053183317996,09,Fusion-H (layered)
2021-10,v3.2.3 iter,FUSION_H,52,0.614226503134507,10,Fusion-H (layered)
2021-11,v3.2.3 iter,FUSION_H,52,0.372252618091283,11,Fusion-H (layered)
2021-04,v3.2.3 iter,DYN_RF,30,0.492357972514425,04,S2 RF (dyn)
2021-05,v3.2.3 iter,DYN_RF,53,0.693155019938413,05,S2 RF (dyn)
2021-06,v3.2.3 iter,DYN_RF,53,0.610314302885241,06,S2 RF (dyn)
2021-07,v3.2.3 iter,DYN_RF,53,0.650129808656996,07,S2 RF (dyn)
2021-08,v3.2.3 iter,DYN_RF,53,0.596376094715712,08,S2 RF (dyn)
2021-09,v3.2.3 iter,DYN_RF,53,0.682160100176412,09,S2 RF (dyn)
2021-10,v3.2.3 iter,DYN_RF,52,0.710334947915034,10,S2 RF (dyn)
2021-11,v3.2.3 iter,DYN_RF,52,0.699233637025781,11,S2 RF (dyn)
2021-04,v3.2.3 iter,DYN_S2_ANNUAL,30,0.37303230186591,04,S2 annual (dyn)
2021-05,v3.2.3 iter,DYN_S2_ANNUAL,53,0.558008082467949,05,S2 annual (dyn)
2021-06,v3.2.3 iter,DYN_S2_ANNUAL,53,0.521304845177808,06,S2 annual (dyn)
2021-07,v3.2.3 iter,DYN_S2_ANNUAL,53,0.65169649338463,07,S2 annual (dyn)
2021-08,v3.2.3 iter,DYN_S2_ANNUAL,53,0.557800750454972,08,S2 annual (dyn)
2021-09,v3.2.3 iter,DYN_S2_ANNUAL,53,0.590796001391489,09,S2 annual (dyn)
2021-10,v3.2.3 iter,DYN_S2_ANNUAL,52,0.571862367638552,10,S2 annual (dyn)
2021-11,v3.2.3 iter,DYN_S2_ANNUAL,52,0.378662384024819,11,S2 annual (dyn)
2021-04,v3.2.3 iter,CONST_ALS,30,0.602839615689475,04,LiDAR const
2021-05,v3.2.3 iter,CONST_ALS,53,0.686667763952756,05,LiDAR const
2021-06,v3.2.3 iter,CONST_ALS,53,0.583789717230412,06,LiDAR const
2021-07,v3.2.3 iter,CONST_ALS,53,0.631267783587652,07,LiDAR const
2021-08,v3.2.3 iter,CONST_ALS,53,0.565109665543503,08,LiDAR const
2021-09,v3.2.3 iter,CONST_ALS,53,0.653689858183716,09,LiDAR const
2021-10,v3.2.3 iter,CONST_ALS,52,0.692137846238616,10,LiDAR const
2021-11,v3.2.3 iter,CONST_ALS,52,0.712311668234169,11,LiDAR const
2021-04,v3.2.3 iter,NAIVE_S2_FORMSH,30,0.518219043871883,04,S2 naive
2021-05,v3.2.3 iter,NAIVE_S2_FORMSH,53,0.833165367177671,05,S2 naive
2021-06,v3.2.3 iter,NAIVE_S2_FORMSH,53,0.758831003168864,06,S2 naive
2021-07,v3.2.3 iter,NAIVE_S2_FORMSH,53,0.779640441991125,07,S2 naive
2021-08,v3.2.3 iter,NAIVE_S2_FORMSH,53,0.738459001397978,08,S2 naive
2021-09,v3.2.3 iter,NAIVE_S2_FORMSH,53,0.830939415353502,09,S2 naive
2021-10,v3.2.3 iter,NAIVE_S2_FORMSH,52,0.806225065119533,10,S2 naive
2021-11,v3.2.3 iter,NAIVE_S2_FORMSH,52,0.650232799050629,11,S2 naive
