plab,family,variant,scenario,mon,value,row
P1  (LAI=0.5),LiDAR,full,STATIC_ALS,Jun,0.527927845716476,LAI one-sided (m2/m2)
P1  (LAI=0.5),LiDAR,full,STATIC_ALS,Jul,0.527927845716476,LAI one-sided (m2/m2)
P1  (LAI=0.5),LiDAR,full,STATIC_ALS,Aug,0.527927845716476,LAI one-sided (m2/m2)
P1  (LAI=0.5),LiDAR,full,STATIC_ALS,Sep,0.523278774668093,LAI one-sided (m2/m2)
P1  (LAI=0.5),LiDAR,d_opt,STATIC_ALS_DOPT,Jun,0.527927845716476,LAI one-sided (m2/m2)
P1  (LAI=0.5),LiDAR,d_opt,STATIC_ALS_DOPT,Jul,0.527927845716476,LAI one-sided (m2/m2)
P1  (LAI=0.5),LiDAR,d_opt,STATIC_ALS_DOPT,Aug,0.527927845716476,LAI one-sided (m2/m2)
P1  (LAI=0.5),LiDAR,d_opt,STATIC_ALS_DOPT,Sep,0.523278774668093,LAI one-sided (m2/m2)
P1  (LAI=0.5),Sentinel-2,ATBD,DYN_S2_ATBD_NM,Jun,5.41927117982839,LAI one-sided (m2/m2)
P1  (LAI=0.5),Sentinel-2,ATBD,DYN_S2_ATBD_NM,Jul,5.13798342526456,LAI one-sided (m2/m2)
P1  (LAI=0.5),Sentinel-2,ATBD,DYN_S2_ATBD_NM,Aug,3.81551084595868,LAI one-sided (m2/m2)
P1  (LAI=0.5),Sentinel-2,ATBD,DYN_S2_ATBD_NM,Sep,3.51807530985208,LAI one-sided (m2/m2)
P1  (LAI=0.5),Sentinel-2,opt,DYN_S2_OPT_NM,Jun,4.8562387110455,LAI one-sided (m2/m2)
P1  (LAI=0.5),Sentinel-2,opt,DYN_S2_OPT_NM,Jul,4.60417520705617,LAI one-sided (m2/m2)
P1  (LAI=0.5),Sentinel-2,opt,DYN_S2_OPT_NM,Aug,3.41910025494337,LAI one-sided (m2/m2)
P1  (LAI=0.5),Sentinel-2,opt,DYN_S2_OPT_NM,Sep,3.15256663509836,LAI one-sided (m2/m2)
P1  (LAI=0.5),S2 rescaled->LiDAR,ATBD,DYN_ATBD_rfull_NM,Jun,4.1256628200268,LAI one-sided (m2/m2)
P1  (LAI=0.5),S2 rescaled->LiDAR,ATBD,DYN_ATBD_rfull_NM,Jul,3.91151992290579,LAI one-sided (m2/m2)
P1  (LAI=0.5),S2 rescaled->LiDAR,ATBD,DYN_ATBD_rfull_NM,Aug,2.90472846149013,LAI one-sided (m2/m2)
P1  (LAI=0.5),S2 rescaled->LiDAR,ATBD,DYN_ATBD_rfull_NM,Sep,2.67829234269296,LAI one-sided (m2/m2)
P1  (LAI=0.5),S2 rescaled->LiDAR,opt,DYN_OPT_rdopt_NM,Jun,1.63381328265613,LAI one-sided (m2/m2)
P1  (LAI=0.5),S2 rescaled->LiDAR,opt,DYN_OPT_rdopt_NM,Jul,1.54901005831011,LAI one-sided (m2/m2)
P1  (LAI=0.5),S2 rescaled->LiDAR,opt,DYN_OPT_rdopt_NM,Aug,1.15030824134606,LAI one-sided (m2/m2)
P1  (LAI=0.5),S2 rescaled->LiDAR,opt,DYN_OPT_rdopt_NM,Sep,1.06063674983006,LAI one-sided (m2/m2)
P1  (LAI=0.5),Fusion (ALS x S2-timing),ALS,DYN_ALS_S2TIMING_NM,Jun,0.593008690717543,LAI one-sided (m2/m2)
P1  (LAI=0.5),Fusion (ALS x S2-timing),ALS,DYN_ALS_S2TIMING_NM,Jul,0.562228521666461,LAI one-sided (m2/m2)
P1  (LAI=0.5),Fusion (ALS x S2-timing),ALS,DYN_ALS_S2TIMING_NM,Aug,0.417515753705499,LAI one-sided (m2/m2)
P1  (LAI=0.5),Fusion (ALS x S2-timing),ALS,DYN_ALS_S2TIMING_NM,Sep,0.384968598933844,LAI one-sided (m2/m2)
P1  (LAI=0.5),Fusion (ALS x S2-timing),ALSxopt,DYN_ALSoOPT_S2TIMING_NM,Jun,0.661762136956706,LAI one-sided (m2/m2)
P1  (LAI=0.5),Fusion (ALS x S2-timing),ALSxopt,DYN_ALSoOPT_S2TIMING_NM,Jul,0.627413314138467,LAI one-sided (m2/m2)
P1  (LAI=0.5),Fusion (ALS x S2-timing),ALSxopt,DYN_ALSoOPT_S2TIMING_NM,Aug,0.465922543312007,LAI one-sided (m2/m2)
P1  (LAI=0.5),Fusion (ALS x S2-timing),ALSxopt,DYN_ALSoOPT_S2TIMING_NM,Sep,0.429601870393218,LAI one-sided (m2/m2)
P2  (LAI=3.4),LiDAR,full,STATIC_ALS,Jun,3.3713470697403,LAI one-sided (m2/m2)
P2  (LAI=3.4),LiDAR,full,STATIC_ALS,Jul,3.3713470697403,LAI one-sided (m2/m2)
P2  (LAI=3.4),LiDAR,full,STATIC_ALS,Aug,3.3713470697403,LAI one-sided (m2/m2)
P2  (LAI=3.4),LiDAR,full,STATIC_ALS,Sep,3.34165810337272,LAI one-sided (m2/m2)
P2  (LAI=3.4),LiDAR,d_opt,STATIC_ALS_DOPT,Jun,1.31339263916016,LAI one-sided (m2/m2)
P2  (LAI=3.4),LiDAR,d_opt,STATIC_ALS_DOPT,Jul,1.31339263916016,LAI one-sided (m2/m2)
P2  (LAI=3.4),LiDAR,d_opt,STATIC_ALS_DOPT,Aug,1.31339263916016,LAI one-sided (m2/m2)
P2  (LAI=3.4),LiDAR,d_opt,STATIC_ALS_DOPT,Sep,1.30182655916755,LAI one-sided (m2/m2)
P2  (LAI=3.4),Sentinel-2,ATBD,DYN_S2_ATBD_NM,Jun,4.50591980004364,LAI one-sided (m2/m2)
P2  (LAI=3.4),Sentinel-2,ATBD,DYN_S2_ATBD_NM,Jul,3.9904554376762,LAI one-sided (m2/m2)
P2  (LAI=3.4),Sentinel-2,ATBD,DYN_S2_ATBD_NM,Aug,3.81174417312125,LAI one-sided (m2/m2)
P2  (LAI=3.4),Sentinel-2,ATBD,DYN_S2_ATBD_NM,Sep,3.46429788427476,LAI one-sided (m2/m2)
P2  (LAI=3.4),Sentinel-2,opt,DYN_S2_OPT_NM,Jun,4.08703109987423,LAI one-sided (m2/m2)
P2  (LAI=3.4),Sentinel-2,opt,DYN_S2_OPT_NM,Jul,3.61948640903172,LAI one-sided (m2/m2)
P2  (LAI=3.4),Sentinel-2,opt,DYN_S2_OPT_NM,Aug,3.45738887322408,LAI one-sided (m2/m2)
P2  (LAI=3.4),Sentinel-2,opt,DYN_S2_OPT_NM,Sep,3.142242609849,LAI one-sided (m2/m2)
P2  (LAI=3.4),S2 rescaled->LiDAR,ATBD,DYN_ATBD_rfull_NM,Jun,3.4303331891303,LAI one-sided (m2/m2)
P2  (LAI=3.4),S2 rescaled->LiDAR,ATBD,DYN_ATBD_rfull_NM,Jul,3.03791286464388,LAI one-sided (m2/m2)
P2  (LAI=3.4),S2 rescaled->LiDAR,ATBD,DYN_ATBD_rfull_NM,Aug,2.90186091314924,LAI one-sided (m2/m2)
P2  (LAI=3.4),S2 rescaled->LiDAR,ATBD,DYN_ATBD_rfull_NM,Sep,2.6373518697218,LAI one-sided (m2/m2)
P2  (LAI=3.4),S2 rescaled->LiDAR,opt,DYN_OPT_rdopt_NM,Jun,1.37502418948545,LAI one-sided (m2/m2)
P2  (LAI=3.4),S2 rescaled->LiDAR,opt,DYN_OPT_rdopt_NM,Jul,1.21772534740085,LAI one-sided (m2/m2)
P2  (LAI=3.4),S2 rescaled->LiDAR,opt,DYN_OPT_rdopt_NM,Aug,1.16318990899953,LAI one-sided (m2/m2)
P2  (LAI=3.4),S2 rescaled->LiDAR,opt,DYN_OPT_rdopt_NM,Sep,1.05716337659071,LAI one-sided (m2/m2)
P2  (LAI=3.4),Fusion (ALS x S2-timing),ALS,DYN_ALS_S2TIMING_NM,Jun,3.16944027735974,LAI one-sided (m2/m2)
P2  (LAI=3.4),Fusion (ALS x S2-timing),ALS,DYN_ALS_S2TIMING_NM,Jul,2.80686535722577,LAI one-sided (m2/m2)
P2  (LAI=3.4),Fusion (ALS x S2-timing),ALS,DYN_ALS_S2TIMING_NM,Aug,2.68116079411018,LAI one-sided (m2/m2)
P2  (LAI=3.4),Fusion (ALS x S2-timing),ALS,DYN_ALS_S2TIMING_NM,Sep,2.43676890278566,LAI one-sided (m2/m2)
P2  (LAI=3.4),Fusion (ALS x S2-timing),ALSxopt,DYN_ALSoOPT_S2TIMING_NM,Jun,3.49428309984001,LAI one-sided (m2/m2)
P2  (LAI=3.4),Fusion (ALS x S2-timing),ALSxopt,DYN_ALSoOPT_S2TIMING_NM,Jul,3.09454708812207,LAI one-sided (m2/m2)
P2  (LAI=3.4),Fusion (ALS x S2-timing),ALSxopt,DYN_ALSoOPT_S2TIMING_NM,Aug,2.95595879112678,LAI one-sided (m2/m2)
P2  (LAI=3.4),Fusion (ALS x S2-timing),ALSxopt,DYN_ALSoOPT_S2TIMING_NM,Sep,2.68651864369968,LAI one-sided (m2/m2)
P3  (LAI=4.7),LiDAR,full,STATIC_ALS,Jun,4.69293588399887,LAI one-sided (m2/m2)
P3  (LAI=4.7),LiDAR,full,STATIC_ALS,Jul,4.69293588399887,LAI one-sided (m2/m2)
P3  (LAI=4.7),LiDAR,full,STATIC_ALS,Aug,4.69293588399887,LAI one-sided (m2/m2)
P3  (LAI=4.7),LiDAR,full,STATIC_ALS,Sep,4.65160865997148,LAI one-sided (m2/m2)
P3  (LAI=4.7),LiDAR,d_opt,STATIC_ALS_DOPT,Jun,1.31510776281357,LAI one-sided (m2/m2)
P3  (LAI=4.7),LiDAR,d_opt,STATIC_ALS_DOPT,Jul,1.31510776281357,LAI one-sided (m2/m2)
P3  (LAI=4.7),LiDAR,d_opt,STATIC_ALS_DOPT,Aug,1.31510776281357,LAI one-sided (m2/m2)
P3  (LAI=4.7),LiDAR,d_opt,STATIC_ALS_DOPT,Sep,1.30352657899231,LAI one-sided (m2/m2)
P3  (LAI=4.7),Sentinel-2,ATBD,DYN_S2_ATBD_NM,Jun,4.71454660610933,LAI one-sided (m2/m2)
P3  (LAI=4.7),Sentinel-2,ATBD,DYN_S2_ATBD_NM,Jul,4.15773438228387,LAI one-sided (m2/m2)
P3  (LAI=4.7),Sentinel-2,ATBD,DYN_S2_ATBD_NM,Aug,3.84598572583308,LAI one-sided (m2/m2)
P3  (LAI=4.7),Sentinel-2,ATBD,DYN_S2_ATBD_NM,Sep,3.53782059432797,LAI one-sided (m2/m2)
P3  (LAI=4.7),Sentinel-2,opt,DYN_S2_OPT_NM,Jun,4.23546949406181,LAI one-sided (m2/m2)
P3  (LAI=4.7),Sentinel-2,opt,DYN_S2_OPT_NM,Jul,3.73523874337258,LAI one-sided (m2/m2)
P3  (LAI=4.7),Sentinel-2,opt,DYN_S2_OPT_NM,Aug,3.45516898597511,LAI one-sided (m2/m2)
P3  (LAI=4.7),Sentinel-2,opt,DYN_S2_OPT_NM,Sep,3.17831860720654,LAI one-sided (m2/m2)
P3  (LAI=4.7),S2 rescaled->LiDAR,ATBD,DYN_ATBD_rfull_NM,Jun,3.58915968599392,LAI one-sided (m2/m2)
P3  (LAI=4.7),S2 rescaled->LiDAR,ATBD,DYN_ATBD_rfull_NM,Jul,3.16526145072498,LAI one-sided (m2/m2)
P3  (LAI=4.7),S2 rescaled->LiDAR,ATBD,DYN_ATBD_rfull_NM,Aug,2.92792882823143,LAI one-sided (m2/m2)
P3  (LAI=4.7),S2 rescaled->LiDAR,ATBD,DYN_ATBD_rfull_NM,Sep,2.6933243245462,LAI one-sided (m2/m2)
P3  (LAI=4.7),S2 rescaled->LiDAR,opt,DYN_OPT_rdopt_NM,Jun,1.42496420160392,LAI one-sided (m2/m2)
P3  (LAI=4.7),S2 rescaled->LiDAR,opt,DYN_OPT_rdopt_NM,Jul,1.25666859393328,LAI one-sided (m2/m2)
P3  (LAI=4.7),S2 rescaled->LiDAR,opt,DYN_OPT_rdopt_NM,Aug,1.16244305912472,LAI one-sided (m2/m2)
P3  (LAI=4.7),S2 rescaled->LiDAR,opt,DYN_OPT_rdopt_NM,Sep,1.06930063902259,LAI one-sided (m2/m2)
P3  (LAI=4.7),Fusion (ALS x S2-timing),ALS,DYN_ALS_S2TIMING_NM,Jun,4.73367196521932,LAI one-sided (m2/m2)
P3  (LAI=4.7),Fusion (ALS x S2-timing),ALS,DYN_ALS_S2TIMING_NM,Jul,4.17460093802904,LAI one-sided (m2/m2)
P3  (LAI=4.7),Fusion (ALS x S2-timing),ALS,DYN_ALS_S2TIMING_NM,Aug,3.86158762020042,LAI one-sided (m2/m2)
P3  (LAI=4.7),Fusion (ALS x S2-timing),ALS,DYN_ALS_S2TIMING_NM,Sep,3.55217236449512,LAI one-sided (m2/m2)
P3  (LAI=4.7),Fusion (ALS x S2-timing),ALSxopt,DYN_ALSoOPT_S2TIMING_NM,Jun,5.26910113019313,LAI one-sided (m2/m2)
P3  (LAI=4.7),Fusion (ALS x S2-timing),ALSxopt,DYN_ALSoOPT_S2TIMING_NM,Jul,4.64679316232573,LAI one-sided (m2/m2)
P3  (LAI=4.7),Fusion (ALS x S2-timing),ALSxopt,DYN_ALSoOPT_S2TIMING_NM,Aug,4.29837467476375,LAI one-sided (m2/m2)
P3  (LAI=4.7),Fusion (ALS x S2-timing),ALSxopt,DYN_ALSoOPT_S2TIMING_NM,Sep,3.95396122881424,LAI one-sided (m2/m2)
P4  (LAI=5.7),LiDAR,full,STATIC_ALS,Jun,5.69467830657959,LAI one-sided (m2/m2)
P4  (LAI=5.7),LiDAR,full,STATIC_ALS,Jul,5.69467830657959,LAI one-sided (m2/m2)
P4  (LAI=5.7),LiDAR,full,STATIC_ALS,Aug,5.69467830657959,LAI one-sided (m2/m2)
P4  (LAI=5.7),LiDAR,full,STATIC_ALS,Sep,5.64452947609112,LAI one-sided (m2/m2)
P4  (LAI=5.7),LiDAR,d_opt,STATIC_ALS_DOPT,Jun,1.33309823274612,LAI one-sided (m2/m2)
P4  (LAI=5.7),LiDAR,d_opt,STATIC_ALS_DOPT,Jul,1.33309823274612,LAI one-sided (m2/m2)
P4  (LAI=5.7),LiDAR,d_opt,STATIC_ALS_DOPT,Aug,1.33309823274612,LAI one-sided (m2/m2)
P4  (LAI=5.7),LiDAR,d_opt,STATIC_ALS_DOPT,Sep,1.32135862012899,LAI one-sided (m2/m2)
P4  (LAI=5.7),Sentinel-2,ATBD,DYN_S2_ATBD_NM,Jun,4.52547744590069,LAI one-sided (m2/m2)
P4  (LAI=5.7),Sentinel-2,ATBD,DYN_S2_ATBD_NM,Jul,4.07684705936381,LAI one-sided (m2/m2)
P4  (LAI=5.7),Sentinel-2,ATBD,DYN_S2_ATBD_NM,Aug,3.7574960653516,LAI one-sided (m2/m2)
P4  (LAI=5.7),Sentinel-2,ATBD,DYN_S2_ATBD_NM,Sep,3.4515016765027,LAI one-sided (m2/m2)
P4  (LAI=5.7),Sentinel-2,opt,DYN_S2_OPT_NM,Jun,4.01128190455789,LAI one-sided (m2/m2)
P4  (LAI=5.7),Sentinel-2,opt,DYN_S2_OPT_NM,Jul,3.6136259725898,LAI one-sided (m2/m2)
P4  (LAI=5.7),Sentinel-2,opt,DYN_S2_OPT_NM,Aug,3.33056040021707,LAI one-sided (m2/m2)
P4  (LAI=5.7),Sentinel-2,opt,DYN_S2_OPT_NM,Sep,3.0593338236715,LAI one-sided (m2/m2)
P4  (LAI=5.7),S2 rescaled->LiDAR,ATBD,DYN_ATBD_rfull_NM,Jun,3.4452223226839,LAI one-sided (m2/m2)
P4  (LAI=5.7),S2 rescaled->LiDAR,ATBD,DYN_ATBD_rfull_NM,Jul,3.10368235462346,LAI one-sided (m2/m2)
P4  (LAI=5.7),S2 rescaled->LiDAR,ATBD,DYN_ATBD_rfull_NM,Aug,2.86056211228554,LAI one-sided (m2/m2)
P4  (LAI=5.7),S2 rescaled->LiDAR,ATBD,DYN_ATBD_rfull_NM,Sep,2.62761018363696,LAI one-sided (m2/m2)
P4  (LAI=5.7),S2 rescaled->LiDAR,opt,DYN_OPT_rdopt_NM,Jun,1.34953943702119,LAI one-sided (m2/m2)
P4  (LAI=5.7),S2 rescaled->LiDAR,opt,DYN_OPT_rdopt_NM,Jul,1.21575368590094,LAI one-sided (m2/m2)
P4  (LAI=5.7),S2 rescaled->LiDAR,opt,DYN_OPT_rdopt_NM,Aug,1.1205202512361,LAI one-sided (m2/m2)
P4  (LAI=5.7),S2 rescaled->LiDAR,opt,DYN_OPT_rdopt_NM,Sep,1.0292698803757,LAI one-sided (m2/m2)
P4  (LAI=5.7),Fusion (ALS x S2-timing),ALS,DYN_ALS_S2TIMING_NM,Jun,5.5140041445611,LAI one-sided (m2/m2)
P4  (LAI=5.7),Fusion (ALS x S2-timing),ALS,DYN_ALS_S2TIMING_NM,Jul,4.96737677975538,LAI one-sided (m2/m2)
P4  (LAI=5.7),Fusion (ALS x S2-timing),ALS,DYN_ALS_S2TIMING_NM,Aug,4.57826806678453,LAI one-sided (m2/m2)
P4  (LAI=5.7),Fusion (ALS x S2-timing),ALS,DYN_ALS_S2TIMING_NM,Sep,4.20543352092824,LAI one-sided (m2/m2)
P4  (LAI=5.7),Fusion (ALS x S2-timing),ALSxopt,DYN_ALSoOPT_S2TIMING_NM,Jun,6.22082964661754,LAI one-sided (m2/m2)
P4  (LAI=5.7),Fusion (ALS x S2-timing),ALSxopt,DYN_ALSoOPT_S2TIMING_NM,Jul,5.60413157612551,LAI one-sided (m2/m2)
P4  (LAI=5.7),Fusion (ALS x S2-timing),ALSxopt,DYN_ALSoOPT_S2TIMING_NM,Aug,5.16514405381945,LAI one-sided (m2/m2)
P4  (LAI=5.7),Fusion (ALS x S2-timing),ALSxopt,DYN_ALSoOPT_S2TIMING_NM,Sep,4.74451684075619,LAI one-sided (m2/m2)
P1  (LAI=0.5),Fusion (ALS x S2-timing),ALS,DYN_ALS_S2TIMING_NM,Jun,3.03714548783052,Tmax @1m  v3.2.0 (degC)
P1  (LAI=0.5),Fusion (ALS x S2-timing),ALS,DYN_ALS_S2TIMING_NM,Jul,2.58403562645604,Tmax @1m  v3.2.0 (degC)
P1  (LAI=0.5),Fusion (ALS x S2-timing),ALS,DYN_ALS_S2TIMING_NM,Aug,2.43250956898464,Tmax @1m  v3.2.0 (degC)
P1  (LAI=0.5),Fusion (ALS x S2-timing),ALS,DYN_ALS_S2TIMING_NM,Sep,2.25001561999042,Tmax @1m  v3.2.0 (degC)
P2  (LAI=3.4),Fusion (ALS x S2-timing),ALS,DYN_ALS_S2TIMING_NM,Jun,0.258685880051727,Tmax @1m  v3.2.0 (degC)
P2  (LAI=3.4),Fusion (ALS x S2-timing),ALS,DYN_ALS_S2TIMING_NM,Jul,0.260332310623763,Tmax @1m  v3.2.0 (degC)
P2  (LAI=3.4),Fusion (ALS x S2-timing),ALS,DYN_ALS_S2TIMING_NM,Aug,0.31991490978953,Tmax @1m  v3.2.0 (degC)
P2  (LAI=3.4),Fusion (ALS x S2-timing),ALS,DYN_ALS_S2TIMING_NM,Sep,0.265311379937803,Tmax @1m  v3.2.0 (degC)
P3  (LAI=4.7),Fusion (ALS x S2-timing),ALS,DYN_ALS_S2TIMING_NM,Jun,-0.142190551757813,Tmax @1m  v3.2.0 (degC)
P3  (LAI=4.7),Fusion (ALS x S2-timing),ALS,DYN_ALS_S2TIMING_NM,Jul,-0.0654976137222782,Tmax @1m  v3.2.0 (degC)
P3  (LAI=4.7),Fusion (ALS x S2-timing),ALS,DYN_ALS_S2TIMING_NM,Aug,-0.0439472813760081,Tmax @1m  v3.2.0 (degC)
P3  (LAI=4.7),Fusion (ALS x S2-timing),ALS,DYN_ALS_S2TIMING_NM,Sep,-0.0334330240885417,Tmax @1m  v3.2.0 (degC)
P4  (LAI=5.7),Fusion (ALS x S2-timing),ALS,DYN_ALS_S2TIMING_NM,Jun,-0.132585209566099,Tmax @1m  v3.2.0 (degC)
P4  (LAI=5.7),Fusion (ALS x S2-timing),ALS,DYN_ALS_S2TIMING_NM,Jul,-0.103800254054748,Tmax @1m  v3.2.0 (degC)
P4  (LAI=5.7),Fusion (ALS x S2-timing),ALS,DYN_ALS_S2TIMING_NM,Aug,-0.104593294208252,Tmax @1m  v3.2.0 (degC)
P4  (LAI=5.7),Fusion (ALS x S2-timing),ALS,DYN_ALS_S2TIMING_NM,Sep,-0.119381108867087,Tmax @1m  v3.2.0 (degC)
P1  (LAI=0.5),Fusion (ALS x S2-timing),ALSxopt,DYN_ALSoOPT_S2TIMING_NM,Jun,2.97731856067437,Tmax @1m  v3.2.0 (degC)
P1  (LAI=0.5),Fusion (ALS x S2-timing),ALSxopt,DYN_ALSoOPT_S2TIMING_NM,Jul,2.52916625224094,Tmax @1m  v3.2.0 (degC)
P1  (LAI=0.5),Fusion (ALS x S2-timing),ALSxopt,DYN_ALSoOPT_S2TIMING_NM,Aug,2.46801057760192,Tmax @1m  v3.2.0 (degC)
P1  (LAI=0.5),Fusion (ALS x S2-timing),ALSxopt,DYN_ALSoOPT_S2TIMING_NM,Sep,2.19695236803584,Tmax @1m  v3.2.0 (degC)
P2  (LAI=3.4),Fusion (ALS x S2-timing),ALSxopt,DYN_ALSoOPT_S2TIMING_NM,Jun,0.177147536045997,Tmax @1m  v3.2.0 (degC)
P2  (LAI=3.4),Fusion (ALS x S2-timing),ALSxopt,DYN_ALSoOPT_S2TIMING_NM,Jul,0.181140516534482,Tmax @1m  v3.2.0 (degC)
P2  (LAI=3.4),Fusion (ALS x S2-timing),ALSxopt,DYN_ALSoOPT_S2TIMING_NM,Aug,0.163899643976094,Tmax @1m  v3.2.0 (degC)
P2  (LAI=3.4),Fusion (ALS x S2-timing),ALSxopt,DYN_ALSoOPT_S2TIMING_NM,Sep,0.191090084776694,Tmax @1m  v3.2.0 (degC)
P3  (LAI=4.7),Fusion (ALS x S2-timing),ALSxopt,DYN_ALSoOPT_S2TIMING_NM,Jun,-0.254069010416667,Tmax @1m  v3.2.0 (degC)
P3  (LAI=4.7),Fusion (ALS x S2-timing),ALSxopt,DYN_ALSoOPT_S2TIMING_NM,Jul,-0.160637640183972,Tmax @1m  v3.2.0 (degC)
P3  (LAI=4.7),Fusion (ALS x S2-timing),ALSxopt,DYN_ALSoOPT_S2TIMING_NM,Aug,-0.15484126921623,Tmax @1m  v3.2.0 (degC)
P3  (LAI=4.7),Fusion (ALS x S2-timing),ALSxopt,DYN_ALSoOPT_S2TIMING_NM,Sep,-0.130091349283854,Tmax @1m  v3.2.0 (degC)
P4  (LAI=5.7),Fusion (ALS x S2-timing),ALSxopt,DYN_ALSoOPT_S2TIMING_NM,Jun,-0.337138003620028,Tmax @1m  v3.2.0 (degC)
P4  (LAI=5.7),Fusion (ALS x S2-timing),ALSxopt,DYN_ALSoOPT_S2TIMING_NM,Jul,-0.229475152477562,Tmax @1m  v3.2.0 (degC)
P4  (LAI=5.7),Fusion (ALS x S2-timing),ALSxopt,DYN_ALSoOPT_S2TIMING_NM,Aug,-0.233512330404826,Tmax @1m  v3.2.0 (degC)
P4  (LAI=5.7),Fusion (ALS x S2-timing),ALSxopt,DYN_ALSoOPT_S2TIMING_NM,Sep,-0.260857765320721,Tmax @1m  v3.2.0 (degC)
P1  (LAI=0.5),S2 rescaled->LiDAR,ATBD,DYN_ATBD_rfull_NM,Jun,1.89019031239113,Tmax @1m  v3.2.0 (degC)
P1  (LAI=0.5),S2 rescaled->LiDAR,ATBD,DYN_ATBD_rfull_NM,Jul,1.51926126444558,Tmax @1m  v3.2.0 (degC)
P1  (LAI=0.5),S2 rescaled->LiDAR,ATBD,DYN_ATBD_rfull_NM,Aug,1.54324986174973,Tmax @1m  v3.2.0 (degC)
P1  (LAI=0.5),S2 rescaled->LiDAR,ATBD,DYN_ATBD_rfull_NM,Sep,1.45845663456582,Tmax @1m  v3.2.0 (degC)
P2  (LAI=3.4),S2 rescaled->LiDAR,ATBD,DYN_ATBD_rfull_NM,Jun,0.190300411093853,Tmax @1m  v3.2.0 (degC)
P2  (LAI=3.4),S2 rescaled->LiDAR,ATBD,DYN_ATBD_rfull_NM,Jul,0.194940604605711,Tmax @1m  v3.2.0 (degC)
P2  (LAI=3.4),S2 rescaled->LiDAR,ATBD,DYN_ATBD_rfull_NM,Aug,0.179925001563801,Tmax @1m  v3.2.0 (degC)
P2  (LAI=3.4),S2 rescaled->LiDAR,ATBD,DYN_ATBD_rfull_NM,Sep,0.23232367021404,Tmax @1m  v3.2.0 (degC)
P3  (LAI=4.7),S2 rescaled->LiDAR,ATBD,DYN_ATBD_rfull_NM,Jun,0.13116455078125,Tmax @1m  v3.2.0 (degC)
P3  (LAI=4.7),S2 rescaled->LiDAR,ATBD,DYN_ATBD_rfull_NM,Jul,0.17412837859123,Tmax @1m  v3.2.0 (degC)
P3  (LAI=4.7),S2 rescaled->LiDAR,ATBD,DYN_ATBD_rfull_NM,Aug,0.182975522933468,Tmax @1m  v3.2.0 (degC)
P3  (LAI=4.7),S2 rescaled->LiDAR,ATBD,DYN_ATBD_rfull_NM,Sep,0.248548380533854,Tmax @1m  v3.2.0 (degC)
P4  (LAI=5.7),S2 rescaled->LiDAR,ATBD,DYN_ATBD_rfull_NM,Jun,0.426787165393866,Tmax @1m  v3.2.0 (degC)
P4  (LAI=5.7),S2 rescaled->LiDAR,ATBD,DYN_ATBD_rfull_NM,Jul,0.358386846342682,Tmax @1m  v3.2.0 (degC)
P4  (LAI=5.7),S2 rescaled->LiDAR,ATBD,DYN_ATBD_rfull_NM,Aug,0.365908442637311,Tmax @1m  v3.2.0 (degC)
P4  (LAI=5.7),S2 rescaled->LiDAR,ATBD,DYN_ATBD_rfull_NM,Sep,0.354501437818967,Tmax @1m  v3.2.0 (degC)
P1  (LAI=0.5),S2 rescaled->LiDAR,opt,DYN_OPT_rdopt_NM,Jun,2.58447265845577,Tmax @1m  v3.2.0 (degC)
P1  (LAI=0.5),S2 rescaled->LiDAR,opt,DYN_OPT_rdopt_NM,Jul,2.07197084852472,Tmax @1m  v3.2.0 (degC)
P1  (LAI=0.5),S2 rescaled->LiDAR,opt,DYN_OPT_rdopt_NM,Aug,1.95860734558773,Tmax @1m  v3.2.0 (degC)
P1  (LAI=0.5),S2 rescaled->LiDAR,opt,DYN_OPT_rdopt_NM,Sep,1.86995198660414,Tmax @1m  v3.2.0 (degC)
P2  (LAI=3.4),S2 rescaled->LiDAR,opt,DYN_OPT_rdopt_NM,Jun,1.43415883276002,Tmax @1m  v3.2.0 (degC)
P2  (LAI=3.4),S2 rescaled->LiDAR,opt,DYN_OPT_rdopt_NM,Jul,1.32079347128581,Tmax @1m  v3.2.0 (degC)
P2  (LAI=3.4),S2 rescaled->LiDAR,opt,DYN_OPT_rdopt_NM,Aug,1.0741775206353,Tmax @1m  v3.2.0 (degC)
P2  (LAI=3.4),S2 rescaled->LiDAR,opt,DYN_OPT_rdopt_NM,Sep,1.10590646732004,Tmax @1m  v3.2.0 (degC)
P3  (LAI=4.7),S2 rescaled->LiDAR,opt,DYN_OPT_rdopt_NM,Jun,1.24806722005208,Tmax @1m  v3.2.0 (degC)
P3  (LAI=4.7),S2 rescaled->LiDAR,opt,DYN_OPT_rdopt_NM,Jul,1.20118664157006,Tmax @1m  v3.2.0 (degC)
P3  (LAI=4.7),S2 rescaled->LiDAR,opt,DYN_OPT_rdopt_NM,Aug,1.29185239730343,Tmax @1m  v3.2.0 (degC)
P3  (LAI=4.7),S2 rescaled->LiDAR,opt,DYN_OPT_rdopt_NM,Sep,1.13857116699219,Tmax @1m  v3.2.0 (degC)
P4  (LAI=5.7),S2 rescaled->LiDAR,opt,DYN_OPT_rdopt_NM,Jun,1.68917853734434,Tmax @1m  v3.2.0 (degC)
P4  (LAI=5.7),S2 rescaled->LiDAR,opt,DYN_OPT_rdopt_NM,Jul,1.33459105090627,Tmax @1m  v3.2.0 (degC)
P4  (LAI=5.7),S2 rescaled->LiDAR,opt,DYN_OPT_rdopt_NM,Aug,1.24046142841227,Tmax @1m  v3.2.0 (degC)
P4  (LAI=5.7),S2 rescaled->LiDAR,opt,DYN_OPT_rdopt_NM,Sep,1.21543992667938,Tmax @1m  v3.2.0 (degC)
P1  (LAI=0.5),Sentinel-2,ATBD,DYN_S2_ATBD_NM,Jun,1.59520846358184,Tmax @1m  v3.2.0 (degC)
P1  (LAI=0.5),Sentinel-2,ATBD,DYN_S2_ATBD_NM,Jul,1.17890333423156,Tmax @1m  v3.2.0 (degC)
P1  (LAI=0.5),Sentinel-2,ATBD,DYN_S2_ATBD_NM,Aug,1.28786977177082,Tmax @1m  v3.2.0 (degC)
P1  (LAI=0.5),Sentinel-2,ATBD,DYN_S2_ATBD_NM,Sep,1.19831178763825,Tmax @1m  v3.2.0 (degC)
P2  (LAI=3.4),Sentinel-2,ATBD,DYN_S2_ATBD_NM,Jun,-0.04542226518948,Tmax @1m  v3.2.0 (degC)
P2  (LAI=3.4),Sentinel-2,ATBD,DYN_S2_ATBD_NM,Jul,-0.031497418876898,Tmax @1m  v3.2.0 (degC)
P2  (LAI=3.4),Sentinel-2,ATBD,DYN_S2_ATBD_NM,Aug,-0.0466931040573216,Tmax @1m  v3.2.0 (degC)
P2  (LAI=3.4),Sentinel-2,ATBD,DYN_S2_ATBD_NM,Sep,-0.0282737754818489,Tmax @1m  v3.2.0 (degC)
P3  (LAI=4.7),Sentinel-2,ATBD,DYN_S2_ATBD_NM,Jun,-0.137339274088542,Tmax @1m  v3.2.0 (degC)
P3  (LAI=4.7),Sentinel-2,ATBD,DYN_S2_ATBD_NM,Jul,-0.0619152438256048,Tmax @1m  v3.2.0 (degC)
P3  (LAI=4.7),Sentinel-2,ATBD,DYN_S2_ATBD_NM,Aug,-0.0402300434727823,Tmax @1m  v3.2.0 (degC)
P3  (LAI=4.7),Sentinel-2,ATBD,DYN_S2_ATBD_NM,Sep,-0.0304656982421875,Tmax @1m  v3.2.0 (degC)
P4  (LAI=5.7),Sentinel-2,ATBD,DYN_S2_ATBD_NM,Jun,0.0942877584880099,Tmax @1m  v3.2.0 (degC)
P4  (LAI=5.7),Sentinel-2,ATBD,DYN_S2_ATBD_NM,Jul,0.100969600997592,Tmax @1m  v3.2.0 (degC)
P4  (LAI=5.7),Sentinel-2,ATBD,DYN_S2_ATBD_NM,Aug,0.103619971364585,Tmax @1m  v3.2.0 (degC)
P4  (LAI=5.7),Sentinel-2,ATBD,DYN_S2_ATBD_NM,Sep,0.0893320170773393,Tmax @1m  v3.2.0 (degC)
P1  (LAI=0.5),Sentinel-2,opt,DYN_S2_OPT_NM,Jun,1.7284798582068,Tmax @1m  v3.2.0 (degC)
P1  (LAI=0.5),Sentinel-2,opt,DYN_S2_OPT_NM,Jul,1.29243870283341,Tmax @1m  v3.2.0 (degC)
P1  (LAI=0.5),Sentinel-2,opt,DYN_S2_OPT_NM,Aug,1.42122022899922,Tmax @1m  v3.2.0 (degC)
P1  (LAI=0.5),Sentinel-2,opt,DYN_S2_OPT_NM,Sep,1.30001830085743,Tmax @1m  v3.2.0 (degC)
P2  (LAI=3.4),Sentinel-2,opt,DYN_S2_OPT_NM,Jun,0.0106058641747173,Tmax @1m  v3.2.0 (degC)
P2  (LAI=3.4),Sentinel-2,opt,DYN_S2_OPT_NM,Jul,0.0534419451947311,Tmax @1m  v3.2.0 (degC)
P2  (LAI=3.4),Sentinel-2,opt,DYN_S2_OPT_NM,Aug,0.0364723200433611,Tmax @1m  v3.2.0 (degC)
P2  (LAI=3.4),Sentinel-2,opt,DYN_S2_OPT_NM,Sep,0.0583264020225405,Tmax @1m  v3.2.0 (degC)
P3  (LAI=4.7),Sentinel-2,opt,DYN_S2_OPT_NM,Jun,-0.0287068684895833,Tmax @1m  v3.2.0 (degC)
P3  (LAI=4.7),Sentinel-2,opt,DYN_S2_OPT_NM,Jul,0.0337504725302419,Tmax @1m  v3.2.0 (degC)
P3  (LAI=4.7),Sentinel-2,opt,DYN_S2_OPT_NM,Aug,0.056244880922379,Tmax @1m  v3.2.0 (degC)
P3  (LAI=4.7),Sentinel-2,opt,DYN_S2_OPT_NM,Sep,0.065643310546875,Tmax @1m  v3.2.0 (degC)
P4  (LAI=5.7),Sentinel-2,opt,DYN_S2_OPT_NM,Jun,0.248526172905781,Tmax @1m  v3.2.0 (degC)
P4  (LAI=5.7),Sentinel-2,opt,DYN_S2_OPT_NM,Jul,0.228800016256125,Tmax @1m  v3.2.0 (degC)
P4  (LAI=5.7),Sentinel-2,opt,DYN_S2_OPT_NM,Aug,0.216969541678122,Tmax @1m  v3.2.0 (degC)
P4  (LAI=5.7),Sentinel-2,opt,DYN_S2_OPT_NM,Sep,0.206118723984088,Tmax @1m  v3.2.0 (degC)
P1  (LAI=0.5),LiDAR,full,STATIC_ALS,Jun,3.05510520713369,Tmax @1m  v3.2.0 (degC)
P1  (LAI=0.5),LiDAR,full,STATIC_ALS,Jul,2.59082014878379,Tmax @1m  v3.2.0 (degC)
P1  (LAI=0.5),LiDAR,full,STATIC_ALS,Aug,2.34591791663731,Tmax @1m  v3.2.0 (degC)
P1  (LAI=0.5),LiDAR,full,STATIC_ALS,Sep,2.12639860645765,Tmax @1m  v3.2.0 (degC)
P2  (LAI=3.4),LiDAR,full,STATIC_ALS,Jun,0.216084609905569,Tmax @1m  v3.2.0 (degC)
P2  (LAI=3.4),LiDAR,full,STATIC_ALS,Jul,0.255343756072441,Tmax @1m  v3.2.0 (degC)
P2  (LAI=3.4),LiDAR,full,STATIC_ALS,Aug,0.0560358411582361,Tmax @1m  v3.2.0 (degC)
P2  (LAI=3.4),LiDAR,full,STATIC_ALS,Sep,-0.00158528062711601,Tmax @1m  v3.2.0 (degC)
P3  (LAI=4.7),LiDAR,full,STATIC_ALS,Jun,-0.138011678059896,Tmax @1m  v3.2.0 (degC)
P3  (LAI=4.7),LiDAR,full,STATIC_ALS,Jul,-0.176277406754032,Tmax @1m  v3.2.0 (degC)
P3  (LAI=4.7),LiDAR,full,STATIC_ALS,Aug,-0.231396090599798,Tmax @1m  v3.2.0 (degC)
P3  (LAI=4.7),LiDAR,full,STATIC_ALS,Sep,-0.289065551757813,Tmax @1m  v3.2.0 (degC)
P4  (LAI=5.7),LiDAR,full,STATIC_ALS,Jun,-0.216356907972086,Tmax @1m  v3.2.0 (degC)
P4  (LAI=5.7),LiDAR,full,STATIC_ALS,Jul,-0.255710735438043,Tmax @1m  v3.2.0 (degC)
P4  (LAI=5.7),LiDAR,full,STATIC_ALS,Aug,-0.342840876661188,Tmax @1m  v3.2.0 (degC)
P4  (LAI=5.7),LiDAR,full,STATIC_ALS,Sep,-0.499861381017822,Tmax @1m  v3.2.0 (degC)
P1  (LAI=0.5),LiDAR,d_opt,STATIC_ALS_DOPT,Jun,3.05510520713369,Tmax @1m  v3.2.0 (degC)
P1  (LAI=0.5),LiDAR,d_opt,STATIC_ALS_DOPT,Jul,2.59082014878379,Tmax @1m  v3.2.0 (degC)
P1  (LAI=0.5),LiDAR,d_opt,STATIC_ALS_DOPT,Aug,2.34591791663731,Tmax @1m  v3.2.0 (degC)
P1  (LAI=0.5),LiDAR,d_opt,STATIC_ALS_DOPT,Sep,2.12639860645765,Tmax @1m  v3.2.0 (degC)
P2  (LAI=3.4),LiDAR,d_opt,STATIC_ALS_DOPT,Jun,1.42035857318536,Tmax @1m  v3.2.0 (degC)
P2  (LAI=3.4),LiDAR,d_opt,STATIC_ALS_DOPT,Jul,1.08599862212709,Tmax @1m  v3.2.0 (degC)
P2  (LAI=3.4),LiDAR,d_opt,STATIC_ALS_DOPT,Aug,0.944048217909602,Tmax @1m  v3.2.0 (degC)
P2  (LAI=3.4),LiDAR,d_opt,STATIC_ALS_DOPT,Sep,0.937321026280163,Tmax @1m  v3.2.0 (degC)
P3  (LAI=4.7),LiDAR,d_opt,STATIC_ALS_DOPT,Jun,1.41488850911458,Tmax @1m  v3.2.0 (degC)
P3  (LAI=4.7),LiDAR,d_opt,STATIC_ALS_DOPT,Jul,1.12798580046623,Tmax @1m  v3.2.0 (degC)
P3  (LAI=4.7),LiDAR,d_opt,STATIC_ALS_DOPT,Aug,1.07132647114415,Tmax @1m  v3.2.0 (degC)
P3  (LAI=4.7),LiDAR,d_opt,STATIC_ALS_DOPT,Sep,0.894144694010417,Tmax @1m  v3.2.0 (degC)
P4  (LAI=5.7),LiDAR,d_opt,STATIC_ALS_DOPT,Jun,1.74470829800313,Tmax @1m  v3.2.0 (degC)
P4  (LAI=5.7),LiDAR,d_opt,STATIC_ALS_DOPT,Jul,1.19066846819806,Tmax @1m  v3.2.0 (degC)
P4  (LAI=5.7),LiDAR,d_opt,STATIC_ALS_DOPT,Aug,1.06516369838436,Tmax @1m  v3.2.0 (degC)
P4  (LAI=5.7),LiDAR,d_opt,STATIC_ALS_DOPT,Sep,0.922309484681506,Tmax @1m  v3.2.0 (degC)
P1  (LAI=0.5),Fusion (ALS x S2-timing),ALS,DYN_ALS_S2TIMING_NM,Jun,0.194007270741601,Tmax @1m  v3.2.3 iter (degC)
P1  (LAI=0.5),Fusion (ALS x S2-timing),ALS,DYN_ALS_S2TIMING_NM,Jul,0.138008755706276,Tmax @1m  v3.2.3 iter (degC)
P1  (LAI=0.5),Fusion (ALS x S2-timing),ALS,DYN_ALS_S2TIMING_NM,Aug,0.123535415978321,Tmax @1m  v3.2.3 iter (degC)
P1  (LAI=0.5),Fusion (ALS x S2-timing),ALS,DYN_ALS_S2TIMING_NM,Sep,0.112200328932037,Tmax @1m  v3.2.3 iter (degC)
P2  (LAI=3.4),Fusion (ALS x S2-timing),ALS,DYN_ALS_S2TIMING_NM,Jun,0.353910837143193,Tmax @1m  v3.2.3 iter (degC)
P2  (LAI=3.4),Fusion (ALS x S2-timing),ALS,DYN_ALS_S2TIMING_NM,Jul,0.229051115019579,Tmax @1m  v3.2.3 iter (degC)
P2  (LAI=3.4),Fusion (ALS x S2-timing),ALS,DYN_ALS_S2TIMING_NM,Aug,0.197365457746593,Tmax @1m  v3.2.3 iter (degC)
P2  (LAI=3.4),Fusion (ALS x S2-timing),ALS,DYN_ALS_S2TIMING_NM,Sep,0.187986513636133,Tmax @1m  v3.2.3 iter (degC)
P3  (LAI=4.7),Fusion (ALS x S2-timing),ALS,DYN_ALS_S2TIMING_NM,Jun,-0.0861806233723958,Tmax @1m  v3.2.3 iter (degC)
P3  (LAI=4.7),Fusion (ALS x S2-timing),ALS,DYN_ALS_S2TIMING_NM,Jul,-0.0515382828251008,Tmax @1m  v3.2.3 iter (degC)
P3  (LAI=4.7),Fusion (ALS x S2-timing),ALS,DYN_ALS_S2TIMING_NM,Aug,0.0472697596396169,Tmax @1m  v3.2.3 iter (degC)
P3  (LAI=4.7),Fusion (ALS x S2-timing),ALS,DYN_ALS_S2TIMING_NM,Sep,0.0876027425130208,Tmax @1m  v3.2.3 iter (degC)
P4  (LAI=5.7),Fusion (ALS x S2-timing),ALS,DYN_ALS_S2TIMING_NM,Jun,-0.177818246437579,Tmax @1m  v3.2.3 iter (degC)
P4  (LAI=5.7),Fusion (ALS x S2-timing),ALS,DYN_ALS_S2TIMING_NM,Jul,-0.123217371613743,Tmax @1m  v3.2.3 iter (degC)
P4  (LAI=5.7),Fusion (ALS x S2-timing),ALS,DYN_ALS_S2TIMING_NM,Aug,0.0139144791538042,Tmax @1m  v3.2.3 iter (degC)
P4  (LAI=5.7),Fusion (ALS x S2-timing),ALS,DYN_ALS_S2TIMING_NM,Sep,0.0324896748988901,Tmax @1m  v3.2.3 iter (degC)
P1  (LAI=0.5),Fusion (ALS x S2-timing),ALSxopt,DYN_ALSoOPT_S2TIMING_NM,Jun,0.198685007415403,Tmax @1m  v3.2.3 iter (degC)
P1  (LAI=0.5),Fusion (ALS x S2-timing),ALSxopt,DYN_ALSoOPT_S2TIMING_NM,Jul,0.139317788139469,Tmax @1m  v3.2.3 iter (degC)
P1  (LAI=0.5),Fusion (ALS x S2-timing),ALSxopt,DYN_ALSoOPT_S2TIMING_NM,Aug,0.12454546878893,Tmax @1m  v3.2.3 iter (degC)
P1  (LAI=0.5),Fusion (ALS x S2-timing),ALSxopt,DYN_ALSoOPT_S2TIMING_NM,Sep,0.112939644080812,Tmax @1m  v3.2.3 iter (degC)
P2  (LAI=3.4),Fusion (ALS x S2-timing),ALSxopt,DYN_ALSoOPT_S2TIMING_NM,Jun,0.291841273161699,Tmax @1m  v3.2.3 iter (degC)
P2  (LAI=3.4),Fusion (ALS x S2-timing),ALSxopt,DYN_ALSoOPT_S2TIMING_NM,Jul,0.168107260006082,Tmax @1m  v3.2.3 iter (degC)
P2  (LAI=3.4),Fusion (ALS x S2-timing),ALSxopt,DYN_ALSoOPT_S2TIMING_NM,Aug,0.173363153541507,Tmax @1m  v3.2.3 iter (degC)
P2  (LAI=3.4),Fusion (ALS x S2-timing),ALSxopt,DYN_ALSoOPT_S2TIMING_NM,Sep,0.170355740036032,Tmax @1m  v3.2.3 iter (degC)
P3  (LAI=4.7),Fusion (ALS x S2-timing),ALSxopt,DYN_ALSoOPT_S2TIMING_NM,Jun,-0.364134724934896,Tmax @1m  v3.2.3 iter (degC)
P3  (LAI=4.7),Fusion (ALS x S2-timing),ALSxopt,DYN_ALSoOPT_S2TIMING_NM,Jul,-0.207480153729839,Tmax @1m  v3.2.3 iter (degC)
P3  (LAI=4.7),Fusion (ALS x S2-timing),ALSxopt,DYN_ALSoOPT_S2TIMING_NM,Aug,-0.0825411888860887,Tmax @1m  v3.2.3 iter (degC)
P3  (LAI=4.7),Fusion (ALS x S2-timing),ALSxopt,DYN_ALSoOPT_S2TIMING_NM,Sep,-0.0482574462890625,Tmax @1m  v3.2.3 iter (degC)
P4  (LAI=5.7),Fusion (ALS x S2-timing),ALSxopt,DYN_ALSoOPT_S2TIMING_NM,Jun,-0.511888367045227,Tmax @1m  v3.2.3 iter (degC)
P4  (LAI=5.7),Fusion (ALS x S2-timing),ALSxopt,DYN_ALSoOPT_S2TIMING_NM,Jul,-0.299070004883717,Tmax @1m  v3.2.3 iter (degC)
P4  (LAI=5.7),Fusion (ALS x S2-timing),ALSxopt,DYN_ALSoOPT_S2TIMING_NM,Aug,-0.13254188130605,Tmax @1m  v3.2.3 iter (degC)
P4  (LAI=5.7),Fusion (ALS x S2-timing),ALSxopt,DYN_ALSoOPT_S2TIMING_NM,Sep,-0.122252837681049,Tmax @1m  v3.2.3 iter (degC)
P1  (LAI=0.5),S2 rescaled->LiDAR,ATBD,DYN_ATBD_rfull_NM,Jun,0.396971506617202,Tmax @1m  v3.2.3 iter (degC)
P1  (LAI=0.5),S2 rescaled->LiDAR,ATBD,DYN_ATBD_rfull_NM,Jul,0.225320054025061,Tmax @1m  v3.2.3 iter (degC)
P1  (LAI=0.5),S2 rescaled->LiDAR,ATBD,DYN_ATBD_rfull_NM,Aug,0.214653713058963,Tmax @1m  v3.2.3 iter (degC)
P1  (LAI=0.5),S2 rescaled->LiDAR,ATBD,DYN_ATBD_rfull_NM,Sep,0.240569661569752,Tmax @1m  v3.2.3 iter (degC)
P2  (LAI=3.4),S2 rescaled->LiDAR,ATBD,DYN_ATBD_rfull_NM,Jun,0.304080977794625,Tmax @1m  v3.2.3 iter (degC)
P2  (LAI=3.4),S2 rescaled->LiDAR,ATBD,DYN_ATBD_rfull_NM,Jul,0.160339859556788,Tmax @1m  v3.2.3 iter (degC)
P2  (LAI=3.4),S2 rescaled->LiDAR,ATBD,DYN_ATBD_rfull_NM,Aug,0.177098373405272,Tmax @1m  v3.2.3 iter (degC)
P2  (LAI=3.4),S2 rescaled->LiDAR,ATBD,DYN_ATBD_rfull_NM,Sep,0.17402034702522,Tmax @1m  v3.2.3 iter (degC)
P3  (LAI=4.7),S2 rescaled->LiDAR,ATBD,DYN_ATBD_rfull_NM,Jun,0.327630615234375,Tmax @1m  v3.2.3 iter (degC)
P3  (LAI=4.7),S2 rescaled->LiDAR,ATBD,DYN_ATBD_rfull_NM,Jul,0.183250181136593,Tmax @1m  v3.2.3 iter (degC)
P3  (LAI=4.7),S2 rescaled->LiDAR,ATBD,DYN_ATBD_rfull_NM,Aug,0.212625811176915,Tmax @1m  v3.2.3 iter (degC)
P3  (LAI=4.7),S2 rescaled->LiDAR,ATBD,DYN_ATBD_rfull_NM,Sep,0.218410237630208,Tmax @1m  v3.2.3 iter (degC)
P4  (LAI=5.7),S2 rescaled->LiDAR,ATBD,DYN_ATBD_rfull_NM,Jun,0.433724029437832,Tmax @1m  v3.2.3 iter (degC)
P4  (LAI=5.7),S2 rescaled->LiDAR,ATBD,DYN_ATBD_rfull_NM,Jul,0.198262543406968,Tmax @1m  v3.2.3 iter (degC)
P4  (LAI=5.7),S2 rescaled->LiDAR,ATBD,DYN_ATBD_rfull_NM,Aug,0.223364011010079,Tmax @1m  v3.2.3 iter (degC)
P4  (LAI=5.7),S2 rescaled->LiDAR,ATBD,DYN_ATBD_rfull_NM,Sep,0.223050256796932,Tmax @1m  v3.2.3 iter (degC)
P1  (LAI=0.5),S2 rescaled->LiDAR,opt,DYN_OPT_rdopt_NM,Jun,0.276550074907683,Tmax @1m  v3.2.3 iter (degC)
P1  (LAI=0.5),S2 rescaled->LiDAR,opt,DYN_OPT_rdopt_NM,Jul,0.168514691695352,Tmax @1m  v3.2.3 iter (degC)
P1  (LAI=0.5),S2 rescaled->LiDAR,opt,DYN_OPT_rdopt_NM,Aug,0.143053641079977,Tmax @1m  v3.2.3 iter (degC)
P1  (LAI=0.5),S2 rescaled->LiDAR,opt,DYN_OPT_rdopt_NM,Sep,0.139089426877928,Tmax @1m  v3.2.3 iter (degC)
P2  (LAI=3.4),S2 rescaled->LiDAR,opt,DYN_OPT_rdopt_NM,Jun,0.485877998336758,Tmax @1m  v3.2.3 iter (degC)
P2  (LAI=3.4),S2 rescaled->LiDAR,opt,DYN_OPT_rdopt_NM,Jul,0.276693844981279,Tmax @1m  v3.2.3 iter (degC)
P2  (LAI=3.4),S2 rescaled->LiDAR,opt,DYN_OPT_rdopt_NM,Aug,0.233547111992519,Tmax @1m  v3.2.3 iter (degC)
P2  (LAI=3.4),S2 rescaled->LiDAR,opt,DYN_OPT_rdopt_NM,Sep,0.205137148342664,Tmax @1m  v3.2.3 iter (degC)
P3  (LAI=4.7),S2 rescaled->LiDAR,opt,DYN_OPT_rdopt_NM,Jun,0.550393676757813,Tmax @1m  v3.2.3 iter (degC)
P3  (LAI=4.7),S2 rescaled->LiDAR,opt,DYN_OPT_rdopt_NM,Jul,0.32146232358871,Tmax @1m  v3.2.3 iter (degC)
P3  (LAI=4.7),S2 rescaled->LiDAR,opt,DYN_OPT_rdopt_NM,Aug,0.263579337827621,Tmax @1m  v3.2.3 iter (degC)
P3  (LAI=4.7),S2 rescaled->LiDAR,opt,DYN_OPT_rdopt_NM,Sep,0.231184895833333,Tmax @1m  v3.2.3 iter (degC)
P4  (LAI=5.7),S2 rescaled->LiDAR,opt,DYN_OPT_rdopt_NM,Jun,0.331728250663965,Tmax @1m  v3.2.3 iter (degC)
P4  (LAI=5.7),S2 rescaled->LiDAR,opt,DYN_OPT_rdopt_NM,Jul,0.20948710184684,Tmax @1m  v3.2.3 iter (degC)
P4  (LAI=5.7),S2 rescaled->LiDAR,opt,DYN_OPT_rdopt_NM,Aug,0.181984054452522,Tmax @1m  v3.2.3 iter (degC)
P4  (LAI=5.7),S2 rescaled->LiDAR,opt,DYN_OPT_rdopt_NM,Sep,0.156711002039007,Tmax @1m  v3.2.3 iter (degC)
P1  (LAI=0.5),Sentinel-2,ATBD,DYN_S2_ATBD_NM,Jun,0.405620337464597,Tmax @1m  v3.2.3 iter (degC)
P1  (LAI=0.5),Sentinel-2,ATBD,DYN_S2_ATBD_NM,Jul,0.228008996437525,Tmax @1m  v3.2.3 iter (degC)
P1  (LAI=0.5),Sentinel-2,ATBD,DYN_S2_ATBD_NM,Aug,0.234510738435369,Tmax @1m  v3.2.3 iter (degC)
P1  (LAI=0.5),Sentinel-2,ATBD,DYN_S2_ATBD_NM,Sep,0.271721923260323,Tmax @1m  v3.2.3 iter (degC)
P2  (LAI=3.4),Sentinel-2,ATBD,DYN_S2_ATBD_NM,Jun,-0.0374201423091298,Tmax @1m  v3.2.3 iter (degC)
P2  (LAI=3.4),Sentinel-2,ATBD,DYN_S2_ATBD_NM,Jul,-0.0284925567262862,Tmax @1m  v3.2.3 iter (degC)
P2  (LAI=3.4),Sentinel-2,ATBD,DYN_S2_ATBD_NM,Aug,0.0223389507339712,Tmax @1m  v3.2.3 iter (degC)
P2  (LAI=3.4),Sentinel-2,ATBD,DYN_S2_ATBD_NM,Sep,0.0509192530168491,Tmax @1m  v3.2.3 iter (degC)
P3  (LAI=4.7),Sentinel-2,ATBD,DYN_S2_ATBD_NM,Jun,-0.076959228515625,Tmax @1m  v3.2.3 iter (degC)
P3  (LAI=4.7),Sentinel-2,ATBD,DYN_S2_ATBD_NM,Jul,-0.0461081227948589,Tmax @1m  v3.2.3 iter (degC)
P3  (LAI=4.7),Sentinel-2,ATBD,DYN_S2_ATBD_NM,Aug,0.0464123141381048,Tmax @1m  v3.2.3 iter (degC)
P3  (LAI=4.7),Sentinel-2,ATBD,DYN_S2_ATBD_NM,Sep,0.0707143147786458,Tmax @1m  v3.2.3 iter (degC)
P4  (LAI=5.7),Sentinel-2,ATBD,DYN_S2_ATBD_NM,Jun,0.187160242960639,Tmax @1m  v3.2.3 iter (degC)
P4  (LAI=5.7),Sentinel-2,ATBD,DYN_S2_ATBD_NM,Jul,0.0797491461290582,Tmax @1m  v3.2.3 iter (degC)
P4  (LAI=5.7),Sentinel-2,ATBD,DYN_S2_ATBD_NM,Aug,0.162817556378855,Tmax @1m  v3.2.3 iter (degC)
P4  (LAI=5.7),Sentinel-2,ATBD,DYN_S2_ATBD_NM,Sep,0.174714487926006,Tmax @1m  v3.2.3 iter (degC)
P1  (LAI=0.5),Sentinel-2,opt,DYN_S2_OPT_NM,Jun,0.404283645761808,Tmax @1m  v3.2.3 iter (degC)
P1  (LAI=0.5),Sentinel-2,opt,DYN_S2_OPT_NM,Jul,0.228968929461127,Tmax @1m  v3.2.3 iter (degC)
P1  (LAI=0.5),Sentinel-2,opt,DYN_S2_OPT_NM,Aug,0.227771161008788,Tmax @1m  v3.2.3 iter (degC)
P1  (LAI=0.5),Sentinel-2,opt,DYN_S2_OPT_NM,Sep,0.260799765397229,Tmax @1m  v3.2.3 iter (degC)
P2  (LAI=3.4),Sentinel-2,opt,DYN_S2_OPT_NM,Jun,0.122421482509323,Tmax @1m  v3.2.3 iter (degC)
P2  (LAI=3.4),Sentinel-2,opt,DYN_S2_OPT_NM,Jul,0.0601914568202126,Tmax @1m  v3.2.3 iter (degC)
P2  (LAI=3.4),Sentinel-2,opt,DYN_S2_OPT_NM,Aug,0.099126708071708,Tmax @1m  v3.2.3 iter (degC)
P2  (LAI=3.4),Sentinel-2,opt,DYN_S2_OPT_NM,Sep,0.112968653874748,Tmax @1m  v3.2.3 iter (degC)
P3  (LAI=4.7),Sentinel-2,opt,DYN_S2_OPT_NM,Jun,0.131296793619792,Tmax @1m  v3.2.3 iter (degC)
P3  (LAI=4.7),Sentinel-2,opt,DYN_S2_OPT_NM,Jul,0.0701018302671371,Tmax @1m  v3.2.3 iter (degC)
P3  (LAI=4.7),Sentinel-2,opt,DYN_S2_OPT_NM,Aug,0.138379496912802,Tmax @1m  v3.2.3 iter (degC)
P3  (LAI=4.7),Sentinel-2,opt,DYN_S2_OPT_NM,Sep,0.145230102539063,Tmax @1m  v3.2.3 iter (degC)
P4  (LAI=5.7),Sentinel-2,opt,DYN_S2_OPT_NM,Jun,0.317426717676754,Tmax @1m  v3.2.3 iter (degC)
P4  (LAI=5.7),Sentinel-2,opt,DYN_S2_OPT_NM,Jul,0.14943182245155,Tmax @1m  v3.2.3 iter (degC)
P4  (LAI=5.7),Sentinel-2,opt,DYN_S2_OPT_NM,Aug,0.202926140831285,Tmax @1m  v3.2.3 iter (degC)
P4  (LAI=5.7),Sentinel-2,opt,DYN_S2_OPT_NM,Sep,0.209851111942712,Tmax @1m  v3.2.3 iter (degC)
P1  (LAI=0.5),LiDAR,full,STATIC_ALS,Jun,0.189807630529572,Tmax @1m  v3.2.3 iter (degC)
P1  (LAI=0.5),LiDAR,full,STATIC_ALS,Jul,0.137277561245947,Tmax @1m  v3.2.3 iter (degC)
P1  (LAI=0.5),LiDAR,full,STATIC_ALS,Aug,0.125941499136181,Tmax @1m  v3.2.3 iter (degC)
P1  (LAI=0.5),LiDAR,full,STATIC_ALS,Sep,0.115351015440234,Tmax @1m  v3.2.3 iter (degC)
P2  (LAI=3.4),LiDAR,full,STATIC_ALS,Jun,0.316680558551714,Tmax @1m  v3.2.3 iter (degC)
P2  (LAI=3.4),LiDAR,full,STATIC_ALS,Jul,0.117609200314608,Tmax @1m  v3.2.3 iter (degC)
P2  (LAI=3.4),LiDAR,full,STATIC_ALS,Aug,0.13074454993962,Tmax @1m  v3.2.3 iter (degC)
P2  (LAI=3.4),LiDAR,full,STATIC_ALS,Sep,0.0810850453013321,Tmax @1m  v3.2.3 iter (degC)
P3  (LAI=4.7),LiDAR,full,STATIC_ALS,Jun,-0.0832224527994792,Tmax @1m  v3.2.3 iter (degC)
P3  (LAI=4.7),LiDAR,full,STATIC_ALS,Jul,-0.218987249558972,Tmax @1m  v3.2.3 iter (degC)
P3  (LAI=4.7),LiDAR,full,STATIC_ALS,Aug,-0.213993195564516,Tmax @1m  v3.2.3 iter (degC)
P3  (LAI=4.7),LiDAR,full,STATIC_ALS,Sep,-0.302609252929688,Tmax @1m  v3.2.3 iter (degC)
P4  (LAI=5.7),LiDAR,full,STATIC_ALS,Jun,-0.246287806322925,Tmax @1m  v3.2.3 iter (degC)
P4  (LAI=5.7),LiDAR,full,STATIC_ALS,Jul,-0.312139812627012,Tmax @1m  v3.2.3 iter (degC)
P4  (LAI=5.7),LiDAR,full,STATIC_ALS,Aug,-0.307515494525684,Tmax @1m  v3.2.3 iter (degC)
P4  (LAI=5.7),LiDAR,full,STATIC_ALS,Sep,-0.466749634130898,Tmax @1m  v3.2.3 iter (degC)
P1  (LAI=0.5),LiDAR,d_opt,STATIC_ALS_DOPT,Jun,0.189807630529572,Tmax @1m  v3.2.3 iter (degC)
P1  (LAI=0.5),LiDAR,d_opt,STATIC_ALS_DOPT,Jul,0.137277561245947,Tmax @1m  v3.2.3 iter (degC)
P1  (LAI=0.5),LiDAR,d_opt,STATIC_ALS_DOPT,Aug,0.125941499136181,Tmax @1m  v3.2.3 iter (degC)
P1  (LAI=0.5),LiDAR,d_opt,STATIC_ALS_DOPT,Sep,0.115351015440234,Tmax @1m  v3.2.3 iter (degC)
P2  (LAI=3.4),LiDAR,d_opt,STATIC_ALS_DOPT,Jun,0.475559912130651,Tmax @1m  v3.2.3 iter (degC)
P2  (LAI=3.4),LiDAR,d_opt,STATIC_ALS_DOPT,Jul,0.285860886880291,Tmax @1m  v3.2.3 iter (degC)
P2  (LAI=3.4),LiDAR,d_opt,STATIC_ALS_DOPT,Aug,0.240974361791854,Tmax @1m  v3.2.3 iter (degC)
P2  (LAI=3.4),LiDAR,d_opt,STATIC_ALS_DOPT,Sep,0.212239473001591,Tmax @1m  v3.2.3 iter (degC)
P3  (LAI=4.7),LiDAR,d_opt,STATIC_ALS_DOPT,Jun,0.532798258463542,Tmax @1m  v3.2.3 iter (degC)
P3  (LAI=4.7),LiDAR,d_opt,STATIC_ALS_DOPT,Jul,0.332079487462198,Tmax @1m  v3.2.3 iter (degC)
P3  (LAI=4.7),LiDAR,d_opt,STATIC_ALS_DOPT,Aug,0.27489742155998,Tmax @1m  v3.2.3 iter (degC)
P3  (LAI=4.7),LiDAR,d_opt,STATIC_ALS_DOPT,Sep,0.242780558268229,Tmax @1m  v3.2.3 iter (degC)
P4  (LAI=5.7),LiDAR,d_opt,STATIC_ALS_DOPT,Jun,0.329374631544162,Tmax @1m  v3.2.3 iter (degC)
P4  (LAI=5.7),LiDAR,d_opt,STATIC_ALS_DOPT,Jul,0.218039446831087,Tmax @1m  v3.2.3 iter (degC)
P4  (LAI=5.7),LiDAR,d_opt,STATIC_ALS_DOPT,Aug,0.195417550886517,Tmax @1m  v3.2.3 iter (degC)
P4  (LAI=5.7),LiDAR,d_opt,STATIC_ALS_DOPT,Sep,0.174696981802106,Tmax @1m  v3.2.3 iter (degC)
