period,tod,relh,height,Tair,wind,RH,VPD,P,version
JJAS,day,0.0284920819103718,0.48436539247632,26.6882057231632,1.78960750199081,49.8672717780362,1.75078353665595,P1,v3.2.0
JJAS,day,0.0888952985405922,1.51122007519007,25.5592845478996,1.94879903689108,51.6656082574224,1.57904651937101,P1,v3.2.0
JJAS,day,0.156546890735626,2.66129714250565,25.1941032034452,2.3222656481253,52.1470296167863,1.52976044237452,P1,v3.2.0
JJAS,day,0.232316687703133,3.94938369095325,24.8575238337282,2.71563907482666,52.1567731750798,1.49908488310938,P1,v3.2.0
JJAS,day,0.317178845405579,5.39204037189484,24.5619982776746,2.90199472215739,52.1410719228514,1.47334396261753,P1,v3.2.0
JJAS,day,0.412224471569061,7.00781601667404,24.321411533043,2.93882088597274,52.1632222314609,1.45161307513802,P1,v3.2.0
JJAS,day,0.518675565719605,8.81748461723328,24.123231464657,2.97611437139453,52.1899245593443,1.43367178594566,P1,v3.2.0
JJAS,day,0.637900829315186,10.8443140983582,23.9656264341595,3.09061364725721,52.2169327405159,1.4193725343468,P1,v3.2.0
JJAS,day,0.771433055400848,13.1143619418144,23.8375499954641,3.27932791998152,52.2258250594861,1.40823039818347,P1,v3.2.0
JJAS,day,0.920989215373993,15.6568166613579,23.7383957993138,3.39317587374257,52.2249962192961,1.39988335823985,P1,v3.2.0
JJAS,day,1.11785507202148,19.0035362243652,23.5113199202741,3.62723213442362,52.2317661604547,1.38067986926379,P1,v3.2.0
JJAS,day,1.35356509685516,23.0106066465378,23.4589462530418,3.9975703838663,52.2312290851076,1.37634413106327,P1,v3.2.0
JJAS,day,1.58927512168884,27.0176770687103,23.4178292363068,4.30466211395837,52.2309751362217,1.3729438006202,P1,v3.2.0
JJAS,day,1.82498526573181,31.0247495174408,23.3824116691214,4.56374012438652,52.2306914335303,1.37002256638593,P1,v3.2.0
JJAS,day,2.0606951713562,35.0318179130554,23.3480463747119,4.78550797892236,52.2302521029643,1.36719801816254,P1,v3.2.0
JJAS,night,0.0284920819103718,0.48436539247632,15.9663053252007,1.42376714629309,84.2634641718411,0.28488320351429,P1,v3.2.0
JJAS,night,0.0888952985405922,1.51122007519007,15.5997991759921,1.55041601008079,85.3597386273834,0.258901320695555,P1,v3.2.0
JJAS,night,0.156546890735626,2.66129714250565,15.5056935544874,1.84753866780733,85.5782025032621,0.25350603474806,P1,v3.2.0
JJAS,night,0.232316687703133,3.94938369095325,15.5163905909805,2.16049732084646,85.2938232449179,0.258681999077113,P1,v3.2.0
JJAS,night,0.317178845405579,5.39204037189484,15.5373067636959,2.30875532789146,84.9817105699018,0.264526124649795,P1,v3.2.0
JJAS,night,0.412224471569061,7.00781601667404,15.5460223255262,2.33805475554994,84.7665068389769,0.268466407445356,P1,v3.2.0
JJAS,night,0.518675565719605,8.81748461723328,15.550641444472,2.36772601514078,84.6010817772704,0.271462032822511,P1,v3.2.0
JJAS,night,0.637900829315186,10.8443140983582,15.5521315944651,2.45881687674692,84.4792522687319,0.27363582604143,P1,v3.2.0
JJAS,night,0.771433055400848,13.1143619418144,15.5576879199086,2.60894774116291,84.3583443972342,0.275865583965551,P1,v3.2.0
JJAS,night,0.920989215373993,15.6568166613579,15.5647188447213,2.69952030972542,84.2512301244119,0.277879760900226,P1,v3.2.0
JJAS,night,1.11785507202148,19.0035362243652,15.5780410599839,2.90377140191735,84.0111281965018,0.282356935254195,P1,v3.2.0
JJAS,night,1.35356509685516,23.0106066465378,15.5816174950105,3.24051780453145,83.9480261931464,0.28353619063134,P1,v3.2.0
JJAS,night,1.58927512168884,27.0176770687103,15.5846425707875,3.53097141379379,83.8937087469486,0.284550724675233,P1,v3.2.0
JJAS,night,1.82498526573181,31.0247495174408,15.5874838323541,3.78504600534674,83.8426711746697,0.285504323834133,P1,v3.2.0
JJAS,night,2.0606951713562,35.0318179130554,15.5904828097651,4.00992729502623,83.7891007687061,0.286505915338048,P1,v3.2.0
JJAS,global,0.0284920819103718,0.48436539247632,20.5026065367819,1.54151497027313,68.177256171339,0.76569805787618,P1,v3.2.0
JJAS,global,0.0888952985405922,1.51122007519007,19.888760888772,1.67863783450756,69.4208022137109,0.708394392862461,P1,v3.2.0
JJAS,global,0.156546890735626,2.66129714250565,19.7033693949382,2.00033042355456,69.6989395273333,0.693932529149448,P1,v3.2.0
JJAS,global,0.232316687703133,3.94938369095325,19.5860649421567,2.33917050497973,69.4917716179369,0.693610482994729,P1,v3.2.0
JJAS,global,0.317178845405579,5.39204037189484,19.4891704642708,2.49969225259793,69.269332466552,0.694476749607504,P1,v3.2.0
JJAS,global,0.412224471569061,7.00781601667404,19.4055351028026,2.53141283261961,69.1270835531833,0.69407505662248,P1,v3.2.0
JJAS,global,0.518675565719605,8.81748461723328,19.3351495190396,2.56353594622539,69.0210480118254,0.693417823956987,P1,v3.2.0
JJAS,global,0.637900829315186,10.8443140983582,19.2779226084225,2.66216274433581,68.9449940712645,0.692650169357454,P1,v3.2.0
JJAS,global,0.771433055400848,13.1143619418144,19.2337815373322,2.8247171063027,68.8661712997904,0.692503470636953,P1,v3.2.0
JJAS,global,0.920989215373993,15.6568166613579,19.2010936778751,2.92278290485017,68.7949028410188,0.692677879630079,P1,v3.2.0
JJAS,global,1.11785507202148,19.0035362243652,19.1242252037173,3.13576028632163,68.6386510738863,0.692822014850088,P1,v3.2.0
JJAS,global,1.35356509685516,23.0106066465378,19.1065116256964,3.48121007430097,68.5972706113253,0.692971098067385,P1,v3.2.0
JJAS,global,1.58927512168884,27.0176770687103,19.09255524307,3.77466625512623,68.5620673977511,0.693144983935594,P1,v3.2.0
JJAS,global,1.82498526573181,31.0247495174408,19.0805277527356,4.02780144451481,68.5292154740246,0.693349512747355,P1,v3.2.0
JJAS,global,2.0606951713562,35.0318179130554,19.0688633569603,4.24906175822284,68.4948689336023,0.693601896125932,P1,v3.2.0
hot10,day,0.0284920819103718,0.48436539247632,34.1604161971655,1.75898624536319,36.240912149314,3.41562589186315,P1,v3.2.0
hot10,day,0.0888952985405922,1.51122007519007,32.8857994666466,1.91545261328037,36.9830720417492,3.14340481755252,P1,v3.2.0
hot10,day,0.156546890735626,2.66129714250565,32.4612866523939,2.28248765988228,37.1570373329287,3.06066978933514,P1,v3.2.0
hot10,day,0.232316687703133,3.94938369095325,32.0401119916867,2.6691177594356,37.0816052655576,2.99229347491922,P1,v3.2.0
hot10,day,0.317178845405579,5.39204037189484,31.6698492588141,2.85232477310376,36.9912419174303,2.93438523118334,P1,v3.2.0
hot10,day,0.412224471569061,7.00781601667404,31.3710759089544,2.88849046902779,36.9282941736839,2.88789584666479,P1,v3.2.0
hot10,day,0.518675565719605,8.81748461723328,31.1258288261218,2.9251147050124,36.8753689583823,2.85026192287146,P1,v3.2.0
hot10,day,0.637900829315186,10.8443140983582,30.9314921061198,3.03769597640404,36.8318335324726,2.82080881657314,P1,v3.2.0
hot10,day,0.771433055400848,13.1143619418144,30.7724094488682,3.22329905399909,36.7896376624975,2.79718189320893,P1,v3.2.0
hot10,day,0.920989215373993,15.6568166613579,30.6485159067008,3.33524277882698,36.7532759280987,2.77905101579525,P1,v3.2.0
hot10,day,1.11785507202148,19.0035362243652,30.3659192207533,3.56164840857188,36.6660413875934,2.73825026927598,P1,v3.2.0
hot10,day,1.35356509685516,23.0106066465378,30.3012931628105,3.91744346190722,36.6440894448962,2.72907688426217,P1,v3.2.0
hot10,day,1.58927512168884,27.0176770687103,30.2508006560497,4.21074801224929,36.6265323572357,2.72194497930396,P1,v3.2.0
hot10,day,1.82498526573181,31.0247495174408,30.2074688251202,4.45698418372717,36.6111512018839,2.71585032900282,P1,v3.2.0
hot10,day,2.0606951713562,35.0318179130554,30.1655697553586,4.66686238998022,36.5959578202378,2.70998170446969,P1,v3.2.0
hot10,night,0.0284920819103718,0.48436539247632,18.5073009001903,1.47046701801129,76.7176242510272,0.494909582153722,P1,v3.2.0
hot10,night,0.0888952985405922,1.51122007519007,18.1962391388722,1.60126885466087,77.2069099546658,0.475157012376656,P1,v3.2.0
hot10,night,0.156546890735626,2.66129714250565,18.1235587878105,1.9081006692006,77.2141173828769,0.472845331122433,P1,v3.2.0
hot10,night,0.232316687703133,3.94938369095325,18.1642250256661,2.23131343951592,76.7680101986302,0.483334762013418,P1,v3.2.0
hot10,night,0.317178845405579,5.39204037189484,18.2130425868891,2.38446974754334,76.3159784117231,0.494250544421053,P1,v3.2.0
hot10,night,0.412224471569061,7.00781601667404,18.2441161326873,2.41470334468744,75.9825300383974,0.502186850294551,P1,v3.2.0
hot10,night,0.518675565719605,8.81748461723328,18.2671252128405,2.44532027764198,75.7179524119852,0.508452013250775,P1,v3.2.0
hot10,night,0.637900829315186,10.8443140983582,18.2832310603216,2.53943530107156,75.5159186720661,0.513200426736959,P1,v3.2.0
hot10,night,0.771433055400848,13.1143619418144,18.3010048108224,2.69459464763984,75.3324700781578,0.51762201622245,P1,v3.2.0
hot10,night,0.920989215373993,15.6568166613579,18.3176912747897,2.78817671690232,75.1785380397582,0.521397151427789,P1,v3.2.0
hot10,night,1.11785507202148,19.0035362243652,18.3540760529347,3.00096262571139,74.8232787092362,0.530066909946266,P1,v3.2.0
hot10,night,1.35356509685516,23.0106066465378,18.3636081010868,3.35326924079504,74.7301882667849,0.532344658032628,P1,v3.2.0
hot10,night,1.58927512168884,27.0176770687103,18.3717586419522,3.658458116727,74.6497498905513,0.534311975983947,P1,v3.2.0
hot10,night,1.82498526573181,31.0247495174408,18.3793798202124,3.92650349782063,74.5741127034352,0.53616212003688,P1,v3.2.0
hot10,night,2.0606951713562,35.0318179130554,18.3873632969001,4.16479481183566,74.4945825857231,0.538108236873344,P1,v3.2.0
hot10,global,0.0284920819103718,0.48436539247632,25.3716903686524,1.54686943957439,56.0309730131279,1.42052057710667,P1,v3.2.0
hot10,global,0.0888952985405922,1.51122007519007,24.7835401486128,1.68446746955697,56.3012162183466,1.36319473404771,P1,v3.2.0
hot10,global,0.156546890735626,2.66129714250565,24.604446274195,2.00724162438359,56.2708343237631,1.34962874485454,P1,v3.2.0
hot10,global,0.232316687703133,3.94938369095325,24.4928545438327,2.34724785330204,55.8329266559842,1.35407926322613,P1,v3.2.0
hot10,global,0.317178845405579,5.39204037189484,24.4020833333333,2.50836185872173,55.4080523978959,1.35970000384452,P1,v3.2.0
hot10,global,0.412224471569061,7.00781601667404,24.323445501083,2.54016632338365,55.0945146361637,1.3628286425886,P1,v3.2.0
hot10,global,0.518675565719605,8.81748461723328,24.257207391201,2.57237404489364,54.8445822463224,1.3649866876553,P1,v3.2.0
hot10,global,0.637900829315186,10.8443140983582,24.2032859606621,2.67137908906891,54.6519623713606,1.36638647269768,P1,v3.2.0
hot10,global,0.771433055400848,13.1143619418144,24.1619293604142,2.83460021381959,54.4812024683472,1.36813514984524,P1,v3.2.0
hot10,global,0.920989215373993,15.6568166613579,24.1314546242739,2.9330446120256,54.3405184347799,1.36985780113932,P1,v3.2.0
hot10,global,1.11785507202148,19.0035362243652,24.0601791577462,3.14926423266148,54.0184214973542,1.37363492483528,P1,v3.2.0
hot10,global,1.35356509685516,23.0106066465378,24.0442385160006,3.50208675555694,53.9368066395315,1.37475727283052,P1,v3.2.0
hot10,global,1.58927512168884,27.0176770687103,24.0319394429525,3.80390973904958,53.8685215423903,1.37577929564544,P1,v3.2.0
hot10,global,1.82498526573181,31.0247495174408,24.0215409694574,4.06566320378811,53.8060003232676,1.37678426338184,P1,v3.2.0
hot10,global,2.0606951713562,35.0318179130554,24.0116479922564,4.29563674149223,53.7417043194136,1.37788204970273,P1,v3.2.0
JJAS,day,0.0284920819103718,0.48436539247632,23.7615771517728,1.94090070913398,52.2170610684688,1.40206945741248,P1,v3.2.3 iter
JJAS,day,0.0888952985405922,1.51122007519007,23.7263731242529,2.08693804241758,52.2852513237457,1.39710697182441,P1,v3.2.3 iter
JJAS,day,0.156546890735626,2.66129714250565,23.7141424960778,2.48902794195573,52.3078302009834,1.39541869589091,P1,v3.2.3 iter
JJAS,day,0.232316687703133,3.94938369095325,23.6920923785434,2.90477623898394,52.2837112641524,1.39427330240147,P1,v3.2.3 iter
JJAS,day,0.317178845405579,5.39204037189484,23.6752078197042,3.05619912853088,52.2617088521271,1.39349957189458,P1,v3.2.3 iter
JJAS,day,0.412224471569061,7.00781601667404,23.6630428126601,3.06812441605525,52.2505906146459,1.39280399658796,P1,v3.2.3 iter
JJAS,day,0.518675565719605,8.81748461723328,23.6521357802095,3.08009623324936,52.2442184198404,1.39207567007123,P1,v3.2.3 iter
JJAS,day,0.637900829315186,10.8443140983582,23.6420488034441,3.14978267097734,52.2420356991795,1.39129426258391,P1,v3.2.3 iter
JJAS,day,0.771433055400848,13.1143619418144,23.6301614563322,3.27121954350198,52.2374159410297,1.390433467403,P1,v3.2.3 iter
JJAS,day,0.920989215373993,15.6568166613579,23.6167141273374,3.33513798357033,52.2311257886855,1.38949118268135,P1,v3.2.3 iter
JJAS,day,1.11785507202148,19.0035362243652,23.569369690275,3.62723213442362,52.2278589134558,1.38563005124102,P1,v3.2.3 iter
JJAS,day,1.35356509685516,23.0106066465378,23.5526246284527,4.15557480285891,52.2251591680737,1.38431140351279,P1,v3.2.3 iter
JJAS,day,1.58927512168884,27.0176770687103,23.5376266562874,4.62302375226562,52.2237197011353,1.38310291917981,P1,v3.2.3 iter
JJAS,day,1.82498526573181,31.0247495174408,23.5239840481451,5.0389092658224,52.2229884261388,1.38198771636522,P1,v3.2.3 iter
JJAS,day,2.0606951713562,35.0318179130554,23.5114570826129,5.41111791353734,52.2226765804128,1.38095400541517,P1,v3.2.3 iter
JJAS,night,0.0284920819103718,0.48436539247632,15.5726387816049,1.55046898163244,84.2038943301559,0.278856318701996,P1,v3.2.3 iter
JJAS,night,0.0888952985405922,1.51122007519007,15.5566475706674,1.66712474843355,84.2592925120405,0.277594033164894,P1,v3.2.3 iter
JJAS,night,0.156546890735626,2.66129714250565,15.5511150922932,1.98831823690097,84.2787566175484,0.277152592270598,P1,v3.2.3 iter
JJAS,night,0.232316687703133,3.94938369095325,15.556978928196,2.32041880337756,84.2377701887799,0.277979485239532,P1,v3.2.3 iter
JJAS,night,0.317178845405579,5.39204037189484,15.5626228457592,2.44137282893469,84.2005035562227,0.278737404944472,P1,v3.2.3 iter
JJAS,night,0.412224471569061,7.00781601667404,15.565486536912,2.45089946219016,84.1794720456484,0.279159617707996,P1,v3.2.3 iter
JJAS,night,0.518675565719605,8.81748461723328,15.5671848484727,2.46046327494207,84.1647585777109,0.279449622043256,P1,v3.2.3 iter
JJAS,night,0.637900829315186,10.8443140983582,15.5678330134825,2.51612725906848,84.155568926934,0.279623396589981,P1,v3.2.3 iter
JJAS,night,0.771433055400848,13.1143619418144,15.5692822649179,2.61312723062078,84.1412656595798,0.279901787226651,P1,v3.2.3 iter
JJAS,night,0.920989215373993,15.6568166613579,15.5713332796358,2.66418378165022,84.1229695977905,0.280261500499767,P1,v3.2.3 iter
JJAS,night,1.11785507202148,19.0035362243652,15.5745216161176,2.90377140191735,84.076522562767,0.281138755770764,P1,v3.2.3 iter
JJAS,night,1.35356509685516,23.0106066465378,15.5760090979071,3.34140372508373,84.0579425834187,0.281493597581239,P1,v3.2.3 iter
JJAS,night,1.58927512168884,27.0176770687103,15.5772229220698,3.73311144992953,84.0413502647277,0.281808467685145,P1,v3.2.3 iter
JJAS,night,1.82498526573181,31.0247495174408,15.5782864096386,4.08537747263094,84.0260107193184,0.282098546183901,P1,v3.2.3 iter
JJAS,night,2.0606951713562,35.0318179130554,15.5792544672398,4.40384167693352,84.0115838241079,0.282370819520551,P1,v3.2.3 iter
JJAS,global,0.0284920819103718,0.48436539247632,19.2080688414027,1.67590891312594,68.7797865915786,0.693314404809512,P1,v3.2.3 iter
JJAS,global,0.0888952985405922,1.51122007519007,19.1876479331262,1.80200895336024,68.8309884741618,0.691297951243974,P1,v3.2.3 iter
JJAS,global,0.156546890735626,2.66129714250565,19.1805711902556,2.14920452496933,68.8485020902894,0.690605165091019,P1,v3.2.3 iter
JJAS,global,0.232316687703133,3.94938369095325,19.176170895269,2.50819470766993,68.811707287972,0.691231469232251,P1,v3.2.3 iter
JJAS,global,0.317178845405579,5.39204037189484,19.173444053775,2.63894604278291,68.778818276513,0.691842917395384,P1,v3.2.3 iter
JJAS,global,0.412224471569061,7.00781601667404,19.1708357805763,2.64924310278046,68.7602823739402,0.692141243187604,P1,v3.2.3 iter
JJAS,global,0.518675565719605,8.81748461723328,19.1680312589218,2.65958034201866,68.7474356394926,0.692304963843815,P1,v3.2.3 iter
JJAS,global,0.637900829315186,10.8443140983582,19.164940301447,2.71975360516601,68.7395291345916,0.692346837997154,P1,v3.2.3 iter
JJAS,global,0.771433055400848,13.1143619418144,19.161670959973,2.82461293104812,68.7274697481231,0.692472934014438,P1,v3.2.3 iter
JJAS,global,0.920989215373993,15.6568166613579,19.1581973967005,2.87980562631458,68.7122405563327,0.692660312728538,P1,v3.2.3 iter
JJAS,global,1.11785507202148,19.0035362243652,19.1437560680786,3.13576028632163,68.6764995078072,0.692828179836276,P1,v3.2.3 iter
JJAS,global,1.35356509685516,23.0106066465378,19.1388290426119,3.60123694619887,68.6619800925666,0.692936658709127,P1,v3.2.3 iter
JJAS,global,1.58927512168884,27.0176770687103,19.1343402174653,4.01569510021761,68.6493948765085,0.693021157025351,P1,v3.2.3 iter
JJAS,global,1.82498526573181,31.0247495174408,19.1302259935056,4.38661492102947,68.6380396658097,0.693094536585734,P1,v3.2.3 iter
JJAS,global,2.0606951713562,35.0318179130554,19.1264371757299,4.72041832490778,68.6275580757837,0.693162575151143,P1,v3.2.3 iter
hot10,day,0.0284920819103718,0.48436539247632,30.6767172788963,1.90598384539286,36.7371244145095,2.78424447250324,P1,v3.2.3 iter
hot10,day,0.0888952985405922,1.51122007519007,30.6371195475261,2.04949395626019,36.7553345511588,2.77715095126617,P1,v3.2.3 iter
hot10,day,0.156546890735626,2.66129714250565,30.6228498409956,2.44460535355103,36.7623503112961,2.77457871799656,P1,v3.2.3 iter
hot10,day,0.232316687703133,3.94938369095325,30.5936766013121,2.85321129896702,36.7471588382552,2.77062025598272,P1,v3.2.3 iter
hot10,day,0.317178845405579,5.39204037189484,30.571429286859,3.00209490763835,36.7331180775066,2.76771202199502,P1,v3.2.3 iter
hot10,day,0.412224471569061,7.00781601667404,30.5556516989684,3.01380073412871,36.7250849369111,2.7655668390314,P1,v3.2.3 iter
hot10,day,0.518675565719605,8.81748461723328,30.5416629106571,3.02555228502323,36.7194182289096,2.76360240899135,P1,v3.2.3 iter
hot10,day,0.637900829315186,10.8443140983582,30.5288776104267,3.09407834823315,36.7157691483041,2.76174121265588,P1,v3.2.3 iter
hot10,day,0.771433055400848,13.1143619418144,30.5137095915966,3.21351679471823,36.7103854463738,2.75958050710547,P1,v3.2.3 iter
hot10,day,0.920989215373993,15.6568166613579,30.496486722506,3.27637283312969,36.7037136522245,2.75715312769218,P1,v3.2.3 iter
hot10,day,1.11785507202148,19.0035362243652,30.4358686398238,3.56164840857188,36.6877929184073,2.74829543685713,P1,v3.2.3 iter
hot10,day,1.35356509685516,23.0106066465378,30.4145705003005,4.07625424250578,36.6815433943913,2.74521743938362,P1,v3.2.3 iter
hot10,day,1.58927512168884,27.0176770687103,30.3955330090645,4.53007944730612,36.6763510551791,2.74245154762754,P1,v3.2.3 iter
hot10,day,1.82498526573181,31.0247495174408,30.3782498873197,4.93266701698303,36.6718692313274,2.73993254092938,P1,v3.2.3 iter
hot10,day,2.0606951713562,35.0318179130554,30.3624151767829,5.2920184135437,36.6678934749021,2.73762071822539,P1,v3.2.3 iter
hot10,night,0.0284920819103718,0.48436539247632,18.3327606983674,1.60156353543966,75.1004230937121,0.52353222324388,P1,v3.2.3 iter
hot10,night,0.0888952985405922,1.51122007519007,18.3176873622797,1.72215246160825,75.1350089322208,0.522311391435989,P1,v3.2.3 iter
hot10,night,0.156546890735626,2.66129714250565,18.312400778746,2.05415738087434,75.147783356994,0.521870108031977,P1,v3.2.3 iter
hot10,night,0.232316687703133,3.94938369095325,18.3195653670874,2.39750152673477,75.1053160768844,0.522996670560664,P1,v3.2.3 iter
hot10,night,0.317178845405579,5.39204037189484,18.3262764955178,2.52260571871048,75.0674436450907,0.524012661453543,P1,v3.2.3 iter
hot10,night,0.412224471569061,7.00781601667404,18.3298380533855,2.53244192477984,75.045225760309,0.524596696643601,P1,v3.2.3 iter
hot10,night,0.518675565719605,8.81748461723328,18.3321163079678,2.54231649637222,75.0288668185655,0.52501554571071,P1,v3.2.3 iter
hot10,night,0.637900829315186,10.8443140983582,18.3332431108524,2.59989773615813,75.0175933948789,0.525289659585533,P1,v3.2.3 iter
hot10,night,0.771433055400848,13.1143619418144,18.3352991348658,2.70025969010133,75.001196870462,0.525702148257188,P1,v3.2.3 iter
hot10,night,0.920989215373993,15.6568166613579,18.3380574544271,2.75307645400365,74.9807666238111,0.526222728029046,P1,v3.2.3 iter
hot10,night,1.11785507202148,19.0035362243652,18.3435380984575,3.00096262571139,74.9239931392309,0.527597993984696,P1,v3.2.3 iter
hot10,night,1.35356509685516,23.0106066465378,18.345854695638,3.45394529593297,74.9020022801313,0.528137340181527,P1,v3.2.3 iter
hot10,night,1.58927512168884,27.0176770687103,18.347803908128,3.85959328596409,74.8822626649374,0.528617281619215,P1,v3.2.3 iter
hot10,night,1.82498526573181,31.0247495174408,18.3495324550531,4.22456960800367,74.8640267057992,0.529058367101534,P1,v3.2.3 iter
hot10,night,2.0606951713562,35.0318179130554,18.3511095878405,4.55467669169108,74.8469313648355,0.529470507707607,P1,v3.2.3 iter
hot10,global,0.0284920819103718,0.48436539247632,24.1329824594351,1.68229144443877,54.3411714697392,1.36996373964809,P1,v3.2.3 iter
hot10,global,0.0888952985405922,1.51122007519007,24.112626745762,1.80895872934698,54.3570871892787,1.36781513335236,P1,v3.2.3 iter
hot10,global,0.156546890735626,2.66129714250565,24.1054053282127,2.15769858581898,54.3632197868161,1.3670390326775,P1,v3.2.3 iter
hot10,global,0.232316687703133,3.94938369095325,24.1022271963266,2.51834922264784,54.3139744089952,1.36825327721613,P1,v3.2.3 iter
hot10,global,0.317178845405579,5.39204037189484,24.1006451729017,2.64975937455893,54.2715227827985,1.36939469237828,P1,v3.2.3 iter
hot10,global,0.412224471569061,7.00781601667404,24.0987449645996,2.66009139288694,54.2455364881675,1.37001669769803,P1,v3.2.3 iter
hot10,global,0.518675565719605,8.81748461723328,24.0964959560297,2.67046369669529,54.2255048850587,1.37043158409517,P1,v3.2.3 iter
hot10,global,0.637900829315186,10.8443140983582,24.093824787629,2.73094735265924,54.2104583895867,1.3706623873899,P1,v3.2.3 iter
hot10,global,0.771433055400848,13.1143619418144,24.0911438379533,2.83636812349925,54.1900511912802,1.37105271391986,P1,v3.2.3 iter
hot10,global,0.920989215373993,15.6568166613579,24.088394908416,2.89184715426885,54.1653733128597,1.37156507825672,P1,v3.2.3 iter
hot10,global,1.11785507202148,19.0035362243652,24.0761223426232,3.14926423266148,54.0925000444793,1.37273457403601,P1,v3.2.3 iter
hot10,global,1.35356509685516,23.0106066465378,24.0720844366612,3.61767134251885,54.0647518591859,1.3732315497668,P1,v3.2.3 iter
hot10,global,1.58927512168884,27.0176770687103,24.0684369991988,4.03505741499173,54.0397660600042,1.37367781802865,P1,v3.2.3 iter
hot10,global,1.82498526573181,31.0247495174408,24.0651351341835,4.40889920408909,54.0166893259601,1.3740952646174,P1,v3.2.3 iter
hot10,global,2.0606951713562,35.0318179130554,24.062137075571,4.74561427781979,53.995075487928,1.37449383695212,P1,v3.2.3 iter
JJAS,day,0.0284920819103718,0.826270375400782,23.6761613689486,1.54514405406157,54.6560836913709,1.32368278448488,P2,v3.2.0
JJAS,day,0.0888952985405922,2.57796365767717,23.7507422441993,1.66257222380509,53.9452022726811,1.35048116174775,P2,v3.2.0
JJAS,day,0.156546890735626,4.53985983133316,23.7771793052798,1.8204723592298,53.678622156251,1.36045958550796,P2,v3.2.0
JJAS,day,0.232316687703133,6.73718394339085,23.7875392726211,1.99318733159962,53.4674296128171,1.36751399419382,P2,v3.2.0
JJAS,day,0.317178845405579,9.19818651676178,23.7834655928482,2.17132069066655,53.2653062571614,1.37311765710479,P2,v3.2.0
JJAS,day,0.412224471569061,11.9545096755028,23.7781067561583,2.36053408330174,53.0812429734076,1.37808147967815,P2,v3.2.0
JJAS,day,0.518675565719605,15.0415914058685,23.7646742690457,2.56784105626612,52.9100336420603,1.38199332977232,P2,v3.2.0
JJAS,day,0.637900829315186,18.4991240501404,23.7531282852257,2.79286931090749,52.7578701847853,1.38549654741763,P2,v3.2.0
JJAS,day,0.771433055400848,22.3715586066246,23.7533232308477,3.062906114354,52.6311078225953,1.38923046788242,P2,v3.2.0
JJAS,day,0.920989215373993,26.7086872458458,23.6842906347389,3.35860301497204,52.4614976661126,1.38842637552228,P2,v3.2.0
JJAS,day,1.07089686393738,31.056009054184,23.5585366170915,3.62723213442362,52.1338735758557,1.38745047901565,P2,v3.2.0
JJAS,day,1.21269059181213,35.1680271625519,23.5269901963531,4.00428933076194,52.0524947503685,1.38717060311518,P2,v3.2.0
JJAS,day,1.3544842004776,39.2800418138504,23.5051293545082,4.34279197731305,51.9814549745387,1.38739715640092,P2,v3.2.0
JJAS,day,1.49627792835236,43.3920599222183,23.4883906296694,4.64894705636254,51.9160048106396,1.38788749705019,P2,v3.2.0
JJAS,day,1.63807165622711,47.5040780305862,23.4747315120176,4.92745353399567,51.853209292815,1.38855643619931,P2,v3.2.0
JJAS,night,0.0284920819103718,0.826270375400782,15.8913141719631,1.23395789129649,84.2163856626857,0.284370901366227,P2,v3.2.0
JJAS,night,0.0888952985405922,2.57796365767717,15.6853186852294,1.32773403015212,84.6923874572692,0.2721880431503,P2,v3.2.0
JJAS,night,0.156546890735626,4.53985983133316,15.6188506913315,1.45383215734297,84.8354760998344,0.268499632099433,P2,v3.2.0
JJAS,night,0.232316687703133,6.73718394339085,15.5758773970474,1.59176118769607,84.9061792912606,0.266513785735588,P2,v3.2.0
JJAS,night,0.317178845405579,9.19818651676178,15.5431018516666,1.73401632638333,84.929511259201,0.265544053065371,P2,v3.2.0
JJAS,night,0.412224471569061,11.9545096755028,15.5169066799143,1.88511923468504,84.9336030447319,0.265027039960127,P2,v3.2.0
JJAS,night,0.518675565719605,15.0415914058685,15.4989911522371,2.05067127955253,84.9049316788925,0.265226897345061,P2,v3.2.0
JJAS,night,0.637900829315186,18.4991240501404,15.4860286441657,2.23037495081379,84.8672073215868,0.265669063426258,P2,v3.2.0
JJAS,night,0.771433055400848,22.3715586066246,15.4715149926358,2.44602372485106,84.8577353162575,0.265588315985455,P2,v3.2.0
JJAS,night,0.920989215373993,26.7086872458458,15.5078929463371,2.68216422949332,84.5692284661216,0.271279967189879,P2,v3.2.0
JJAS,night,1.07089686393738,31.056009054184,15.5945180507306,2.90377140191735,83.9319951204456,0.284053800155363,P2,v3.2.0
JJAS,night,1.21269059181213,35.1680271625519,15.6166089417505,3.2310960277345,83.7714796079668,0.287297298311439,P2,v3.2.0
JJAS,night,1.3544842004776,39.2800418138504,15.6338223149868,3.53086668717079,83.6434499553458,0.289882940646478,P2,v3.2.0
JJAS,night,1.49627792835236,43.3920599222183,15.648650272557,3.80681162429312,83.5319445417194,0.292136128235046,P2,v3.2.0
JJAS,night,1.63807165622711,47.5040780305862,15.6622463538999,4.06199528826553,83.429097828705,0.294216367410309,P2,v3.2.0
JJAS,global,0.0284920819103718,0.826270375400782,19.2302347443795,1.33372427873146,70.7473304389155,0.65051761214679,P2,v3.2.0
JJAS,global,0.0888952985405922,2.57796365767717,19.1814314670251,1.43508556711264,70.4074677309371,0.656079215696925,P2,v3.2.0
JJAS,global,0.156546890735626,4.53985983133316,19.1683678903215,1.57138086324736,70.2628916192778,0.658748480547584,P2,v3.2.0
JJAS,global,0.232316687703133,6.73718394339085,19.160016350668,1.72046397810629,70.1240445376105,0.661480182141359,P2,v3.2.0
JJAS,global,0.317178845405579,9.19818651676178,19.1518378690292,1.8742243616913,69.9664376131004,0.664631149726146,P2,v3.2.0
JJAS,global,0.412224471569061,11.9545096755028,19.1453180198461,2.0375489145212,69.816518639829,0.667677638148068,P2,v3.2.0
JJAS,global,0.518675565719605,15.0415914058685,19.13965921871,2.21649146723037,69.6606873438297,0.670888238697272,P2,v3.2.0
JJAS,global,0.637900829315186,18.4991240501404,19.1359335414699,2.41073068578173,69.5191389322314,0.673861890048748,P2,v3.2.0
JJAS,global,0.771433055400848,22.3715586066246,19.133586856446,2.64381971291668,69.4180231564502,0.675998515256863,P2,v3.2.0
JJAS,global,0.920989215373993,26.7086872458458,19.1375130033233,2.89905794768701,69.1269371677249,0.682599718121442,P2,v3.2.0
JJAS,global,1.07089686393738,31.056009054184,19.1540612225976,3.13576028632163,68.534627836897,0.696412967238169,P2,v3.2.0
JJAS,global,1.21269059181213,35.1680271625519,19.1583475352637,3.47899872241186,68.3867949435736,0.699871694930911,P2,v3.2.0
JJAS,global,1.3544842004776,39.2800418138504,19.1626058005244,3.7911736662067,68.2664419179884,0.702722458366553,P2,v3.2.0
JJAS,global,1.49627792835236,43.3920599222183,19.1669187118447,4.07674114567436,68.160596215505,0.705255736393271,P2,v3.2.0
JJAS,global,1.63807165622711,47.5040780305862,19.1713668468872,4.33917070675356,68.0625143003693,0.70762425928661,P2,v3.2.0
hot10,day,0.0284920819103718,0.826270375400782,30.720117970002,1.51913525660833,38.0580019470191,2.73288001456526,P2,v3.2.0
hot10,day,0.0888952985405922,2.57796365767717,30.8847430889423,1.63463841798978,37.1941583735611,2.79715926766299,P2,v3.2.0
hot10,day,0.156546890735626,4.53985983133316,30.9386848645333,1.78991273121956,36.9086338998403,2.81853531534398,P2,v3.2.0
hot10,day,0.232316687703133,6.73718394339085,30.955473445012,1.95975837952051,36.7351154297549,2.82899444771904,P2,v3.2.0
hot10,day,0.317178845405579,9.19818651676178,30.9397553272737,2.13495302658815,36.6213040886745,2.83154431910676,P2,v3.2.0
hot10,day,0.412224471569061,11.9545096755028,30.9195065229367,2.3210577414586,36.5320716904322,2.83225788005901,P2,v3.2.0
hot10,day,0.518675565719605,15.0415914058685,30.8803814227765,2.5249615021241,36.4834944352869,2.82810591645083,P2,v3.2.0
hot10,day,0.637900829315186,18.4991240501404,30.8430326021635,2.74630200862885,36.4515661635203,2.82350317099811,P2,v3.2.0
hot10,day,0.771433055400848,22.3715586066246,30.8266094501202,3.011870099948,36.4175479789339,2.82236769421181,P2,v3.2.0
hot10,day,0.920989215373993,26.7086872458458,30.6707483536158,3.30267759775504,36.5352843644752,2.79217503747853,P2,v3.2.0
hot10,day,1.07089686393738,31.056009054184,30.3928889347957,3.56164840857188,36.7348154958794,2.73950473470956,P2,v3.2.0
hot10,day,1.21269059181213,35.1680271625519,30.3243988819611,3.91325390033233,36.7857997354639,2.72657991031381,P2,v3.2.0
hot10,day,1.3544842004776,39.2800418138504,30.2750683906751,4.22489231060713,36.8209282048225,2.71737262541215,P2,v3.2.0
hot10,day,1.49627792835236,43.3920599222183,30.2358759953426,4.50341445971758,36.8479935002216,2.71011337559128,P2,v3.2.0
hot10,day,1.63807165622711,47.5040780305862,30.2026580028045,4.75393991898268,36.8704060697058,2.70399671337822,P2,v3.2.0
hot10,night,0.0284920819103718,0.826270375400782,18.6324421418019,1.27542981123313,75.4753845109583,0.525412561624088,P2,v3.2.0
hot10,night,0.0888952985405922,2.57796365767717,18.4627155010517,1.37240352538916,75.5385744922183,0.518523335593355,P2,v3.2.0
hot10,night,0.156546890735626,4.53985983133316,18.4040466308594,1.50276812681785,75.5750917839324,0.515850647540977,P2,v3.2.0
hot10,night,0.232316687703133,6.73718394339085,18.3628259903346,1.64536649600053,75.5999401948495,0.513996904944387,P2,v3.2.0
hot10,night,0.317178845405579,9.19818651676178,18.3290938939804,1.79245574275653,75.6054187296347,0.512796462577114,P2,v3.2.0
hot10,night,0.412224471569061,11.9545096755028,18.3012333014073,1.9487048234695,75.6020905342669,0.51197164879219,P2,v3.2.0
hot10,night,0.518675565719605,15.0415914058685,18.2805873773037,2.11989759329038,75.5809064396435,0.511753422442193,P2,v3.2.0
hot10,night,0.637900829315186,18.4991240501404,18.2644095396385,2.30572979572492,75.5578904959776,0.511716479267778,P2,v3.2.0
hot10,night,0.771433055400848,22.3715586066246,18.2458673721705,2.5286944539119,75.5662582363593,0.510946882528654,P2,v3.2.0
hot10,night,0.920989215373993,26.7086872458458,18.2792125212841,2.77284951087756,75.3347533474131,0.516867525399064,P2,v3.2.0
hot10,night,1.07089686393738,31.056009054184,18.3609425080128,3.00096262571139,74.8163418887544,0.530441113964061,P2,v3.2.0
hot10,night,1.21269059181213,35.1680271625519,18.3815430470002,3.33537427431498,74.6880758737072,0.533831286462507,P2,v3.2.0
hot10,night,1.3544842004776,39.2800418138504,18.3970404991737,3.64053697005296,74.5890000016213,0.536441311602969,P2,v3.2.0
hot10,night,1.49627792835236,43.3920599222183,18.4100652450171,3.92073928851348,74.5046355478056,0.538661546679751,P2,v3.2.0
hot10,night,1.63807165622711,47.5040780305862,18.421763649965,4.17930541283045,74.4283259149842,0.540669774276707,P2,v3.2.0
hot10,global,0.0284920819103718,0.826270375400782,24.0686640225924,1.33954832120202,56.439378165467,1.30197498978842,P2,v3.2.0
hot10,global,0.0888952985405922,2.57796365767717,24.1025649437538,1.44139710130791,55.6876178950371,1.32714084305623,P2,v3.2.0
hot10,global,0.156546890735626,4.53985983133316,24.1159693008814,1.57831540388557,55.4269929029527,1.33602032182881,P2,v3.2.0
hot10,global,0.232316687703133,6.73718394339085,24.1219267820701,1.72808248664324,55.2360395022949,1.34222346539012,P2,v3.2.0
hot10,global,0.317178845405579,9.19818651676178,24.1208924122346,1.88256622296877,55.0624046860371,1.34734621628151,P2,v3.2.0
hot10,global,0.412224471569061,11.9545096755028,24.118863091102,2.04667027094043,54.9096818299801,1.35176069429415,P2,v3.2.0
hot10,global,0.518675565719605,15.0415914058685,24.1133032187437,2.22646924891533,54.7727874155847,1.35541253494543,P2,v3.2.0
hot10,global,0.637900829315186,18.4991240501404,24.1079766297952,2.42164362441653,54.658301902333,1.35840943318399,P2,v3.2.0
hot10,global,0.771433055400848,22.3715586066246,24.1041086245806,2.65581718383309,54.5826041763696,1.36036160056627,P2,v3.2.0
hot10,global,0.920989215373993,26.7086872458458,24.0909568199745,2.91224642460927,54.4027768305874,1.36467070490578,P2,v3.2.0
hot10,global,1.07089686393738,31.056009054184,24.07876172188,3.14926423266148,54.0178495903141,1.37518455191603,P2,v3.2.0
hot10,global,1.21269059181213,35.1680271625519,24.075948822804,3.49163655764782,53.9223621298478,1.37780772430207,P2,v3.2.0
hot10,global,1.3544842004776,39.2800418138504,24.0747972732935,3.80280800154194,53.8450244024415,1.38002491013511,P2,v3.2.0
hot10,global,1.49627792835236,43.3920599222183,24.0746189606496,4.08700343068594,53.7771049094997,1.38204090306608,P2,v3.2.0
hot10,global,1.63807165622711,47.5040780305862,24.0751036228278,4.34786749029389,53.7142203867879,1.38396136451849,P2,v3.2.0
JJAS,day,0.0284920819103718,0.826270375400782,23.7397948551699,0.280446264750319,54.674918994513,1.3282085118032,P2,v3.2.3 iter
JJAS,day,0.0888952985405922,2.57796365767717,23.7964902617241,0.327177111049249,53.4746266184452,1.36803859653338,P2,v3.2.3 iter
JJAS,day,0.156546890735626,4.53985983133316,23.8004934008656,0.407846764088837,53.0438401843143,1.38103787230617,P2,v3.2.3 iter
JJAS,day,0.232316687703133,6.73718394339085,23.7854198018059,0.516903512327438,52.8118860168819,1.38660258599504,P2,v3.2.3 iter
JJAS,day,0.317178845405579,9.19818651676178,23.7620886964225,0.649192412587422,52.6727864332821,1.38874007494266,P2,v3.2.3 iter
JJAS,day,0.412224471569061,11.9545096755028,23.7426542521826,0.819226091707258,52.5743994296264,1.39000130605986,P2,v3.2.3 iter
JJAS,day,0.518675565719605,15.0415914058685,23.7199560113292,1.05087213628401,52.4940042834572,1.39045769859977,P2,v3.2.3 iter
JJAS,day,0.637900829315186,18.4991240501404,23.7018936907659,1.36686438189748,52.4309580765556,1.39079074724986,P2,v3.2.3 iter
JJAS,day,0.771433055400848,22.3715586066246,23.6937896895279,1.97116452367987,52.3865562525811,1.39141026894169,P2,v3.2.3 iter
JJAS,day,0.920989215373993,26.7086872458458,23.6467515122044,2.88141992321757,52.3129502320886,1.38962169394026,P2,v3.2.3 iter
JJAS,day,1.07089686393738,31.056009054184,23.5681973483393,3.62723213442362,52.1942734250224,1.38650629186624,P2,v3.2.3 iter
JJAS,day,1.21269059181213,35.1680271625519,23.5458720723137,4.43577660962206,52.1580463856796,1.38569227338959,P2,v3.2.3 iter
JJAS,day,1.3544842004776,39.2800418138504,23.5287534619941,5.12853041160954,52.1241475676677,1.38524476729281,P2,v3.2.3 iter
JJAS,day,1.49627792835236,43.3920599222183,23.5146309941193,5.72713076938046,52.0915773580424,1.38500814514814,P2,v3.2.3 iter
JJAS,day,1.63807165622711,47.5040780305862,23.5025678790984,6.24948765370038,52.0600321513151,1.38491304657937,P2,v3.2.3 iter
JJAS,night,0.0284920819103718,0.826270375400782,16.2626288825697,0.224110338389059,83.9927027293138,0.295310629306486,P2,v3.2.3 iter
JJAS,night,0.0888952985405922,2.57796365767717,15.7700712527082,0.261451615198755,84.4954526301425,0.277187705174629,P2,v3.2.3 iter
JJAS,night,0.156546890735626,4.53985983133316,15.6307430830158,0.325912758540057,84.621142072883,0.272501861638591,P2,v3.2.3 iter
JJAS,night,0.232316687703133,6.73718394339085,15.5727455514377,0.413056147814082,84.6451792654624,0.27106795420644,P2,v3.2.3 iter
JJAS,night,0.317178845405579,9.19818651676178,15.5475030534255,0.518761010983033,84.6223552492291,0.271032546356207,P2,v3.2.3 iter
JJAS,night,0.412224471569061,11.9545096755028,15.5329977817223,0.654622738743252,84.592768931657,0.271301922835629,P2,v3.2.3 iter
JJAS,night,0.518675565719605,15.0415914058685,15.5259999593099,0.839711132464432,84.5472369736547,0.27198178333681,P2,v3.2.3 iter
JJAS,night,0.637900829315186,18.4991240501404,15.522101797302,1.09218801509161,84.5060668578667,0.272638347610716,P2,v3.2.3 iter
JJAS,night,0.771433055400848,22.3715586066246,15.5163114620688,1.57502196053338,84.4921357119151,0.272782319567403,P2,v3.2.3 iter
JJAS,night,0.920989215373993,26.7086872458458,15.5391810099284,2.30229654020625,84.3272383680654,0.276086865348691,P2,v3.2.3 iter
JJAS,night,1.07089686393738,31.056009054184,15.5843954701242,2.90377140191735,84.0144871405183,0.282412459591001,P2,v3.2.3 iter
JJAS,night,1.21269059181213,35.1680271625519,15.5981488087139,3.57400913455122,83.9200520305107,0.284330994512571,P2,v3.2.3 iter
JJAS,night,1.3544842004776,39.2800418138504,15.6098257012706,4.15788375985264,83.8381239598017,0.285993309773871,P2,v3.2.3 iter
JJAS,night,1.49627792835236,43.3920599222183,15.6204883012616,4.67033287247673,83.7625462116033,0.28752681389911,P2,v3.2.3 iter
JJAS,night,1.63807165622711,47.5040780305862,15.630500484946,5.12417055186027,83.6911994353981,0.288975264187792,P2,v3.2.3 iter
JJAS,global,0.0284920819103718,0.826270375400782,19.4324118963356,0.24216521728677,70.663114161917,0.66064511688591,P2,v3.2.3 iter
JJAS,global,0.0888952985405922,2.57796365767717,19.2509010440014,0.282517883816894,69.9744961661697,0.668563135619618,P2,v3.2.3 iter
JJAS,global,0.156546890735626,4.53985983133316,19.2020613811055,0.35217703998412,69.6848565409537,0.672963593941847,P2,v3.2.3 iter
JJAS,global,0.232316687703133,6.73718394339085,19.1801832167829,0.446349084393193,69.497255700868,0.676206452999695,P2,v3.2.3 iter
JJAS,global,0.317178845405579,9.19818651676178,19.1678114864996,0.56058308185152,69.3607922513572,0.678708636168915,P2,v3.2.3 iter
JJAS,global,0.412224471569061,11.9545096755028,19.1598525375617,0.707411185550107,69.2572583851627,0.680664653681725,P2,v3.2.3 iter
JJAS,global,0.518675565719605,15.0415914058685,19.1536448681941,0.907443905470618,69.1607054870474,0.682538494340838,P2,v3.2.3 iter
JJAS,global,0.637900829315186,18.4991240501404,19.1494389560053,1.18031327132024,69.0831208979858,0.684076401312975,P2,v3.2.3 iter
JJAS,global,0.771433055400848,22.3715586066246,19.146378630758,1.7021457220789,69.037655378775,0.684951826871868,P2,v3.2.3 iter
JJAS,global,0.920989215373993,26.7086872458458,19.1464548517446,2.48818466429665,68.887702183189,0.688272372410234,P2,v3.2.3 iter
JJAS,global,1.07089686393738,31.056009054184,19.1504138091875,3.13576028632163,68.6193791010514,0.694379450652905,P2,v3.2.3 iter
JJAS,global,1.21269059181213,35.1680271625519,19.1520999783376,3.84922845266719,68.53864560192,0.696239000896638,P2,v3.2.3 iter
JJAS,global,1.3544842004776,39.2800418138504,19.1542641936756,4.46653250833882,68.4673953704902,0.697909823383012,P2,v3.2.3 iter
JJAS,global,1.49627792835236,43.3920599222183,19.1568008527079,5.00487714806887,68.4011511536676,0.699486492647374,P2,v3.2.3 iter
JJAS,global,1.63807165622711,47.5040780305862,19.1596162973206,5.47879059143527,68.3383467352472,0.700999653318336,P2,v3.2.3 iter
hot10,day,0.0284920819103718,0.826270375400782,30.8666070400141,0.274929328033557,38.0443335103981,2.75644134019876,P2,v3.2.3 iter
hot10,day,0.0888952985405922,2.57796365767717,30.9979789538261,0.32078823982141,36.7683253364935,2.83437052441814,P2,v3.2.3 iter
hot10,day,0.156546890735626,4.53985983133316,30.994517947466,0.399945438290254,36.4418770731467,2.84844152828003,P2,v3.2.3 iter
hot10,day,0.232316687703133,6.73718394339085,30.9470192933694,0.506982172910984,36.3539333495266,2.84466779009431,P2,v3.2.3 iter
hot10,day,0.317178845405579,9.19818651676178,30.8836022010216,0.636873385080924,36.3596819404644,2.83413952148974,P2,v3.2.3 iter
hot10,day,0.412224471569061,11.9545096755028,30.8298372708834,0.803886919449537,36.380030187084,2.82455344103264,P2,v3.2.3 iter
hot10,day,0.518675565719605,15.0415914058685,30.7695423615285,1.03148963130437,36.4221566786228,2.81298305366703,P2,v3.2.3 iter
hot10,day,0.637900829315186,18.4991240501404,30.719391808143,1.34207885234784,36.462128259331,2.80317365183242,P2,v3.2.3 iter
hot10,day,0.771433055400848,22.3715586066246,30.6889657827524,1.93604909151028,36.4903134088773,2.79706377148766,P2,v3.2.3 iter
hot10,day,0.920989215373993,26.7086872458458,30.5853844275841,2.83110071451236,36.5827372647606,2.77650550954433,P2,v3.2.3 iter
hot10,day,1.07089686393738,31.056009054184,30.4164352025741,3.56164840857188,36.7275925256522,2.74351382800703,P2,v3.2.3 iter
hot10,day,1.21269059181213,35.1680271625519,30.3686955378606,4.34301418524522,36.7684241607337,2.73425847620502,P2,v3.2.3 iter
hot10,day,1.3544842004776,39.2800418138504,30.3305203951322,5.0069688466879,36.8007951664288,2.72688927787044,P2,v3.2.3 iter
hot10,day,1.49627792835236,43.3920599222183,30.2979620517829,5.5763182089879,36.8282120974052,2.72062638204369,P2,v3.2.3 iter
hot10,day,1.63807165622711,47.5040780305862,30.2693428235177,6.06962304848891,36.8521886345174,2.71513697486955,P2,v3.2.3 iter
hot10,night,0.0284920819103718,0.826270375400782,19.0132228753506,0.231038162723566,75.8101063295404,0.530709424389888,P2,v3.2.3 iter
hot10,night,0.0888952985405922,2.57796365767717,18.5346207838792,0.269575919860449,75.5828076443253,0.519920284939134,P2,v3.2.3 iter
hot10,night,0.156546890735626,4.53985983133316,18.3973437186999,0.3360960473999,75.528694994686,0.516613603559336,P2,v3.2.3 iter
hot10,night,0.232316687703133,6.73718394339085,18.3396615835337,0.42604487370222,75.489722963405,0.515569811094971,P2,v3.2.3 iter
hot10,night,0.317178845405579,9.19818651676178,18.3143699450371,0.535199564618942,75.4445783436006,0.515701373221251,P2,v3.2.3 iter
hot10,night,0.412224471569061,11.9545096755028,18.2997363750752,0.67555018609915,75.4039310475081,0.516081448645355,P2,v3.2.3 iter
hot10,night,0.518675565719605,15.0415914058685,18.2925964355469,0.866817206908495,75.3554167723371,0.516868004570589,P2,v3.2.3 iter
hot10,night,0.637900829315186,18.4991240501404,18.2884206136068,1.12782233189314,75.314699100718,0.517586464449093,P2,v3.2.3 iter
hot10,night,0.771433055400848,22.3715586066246,18.2819246732272,1.62696805749184,75.3017497224259,0.517647134568862,P2,v3.2.3 iter
hot10,night,0.920989215373993,26.7086872458458,18.3057299491687,2.37912890697137,75.1547725985508,0.521505245157926,P2,v3.2.3 iter
hot10,night,1.07089686393738,31.056009054184,18.3529500325521,3.00096262571139,74.8743335541435,0.528954688082555,P2,v3.2.3 iter
hot10,night,1.21269059181213,35.1680271625519,18.3671763102214,3.6921564126626,74.7904612000192,0.531193659732231,P2,v3.2.3 iter
hot10,night,1.3544842004776,39.2800418138504,18.37905077812,4.29360321240547,74.718574362062,0.533104831578412,P2,v3.2.3 iter
hot10,night,1.49627792835236,43.3920599222183,18.3897503192608,4.82090821632972,74.6528820504658,0.534848432934939,P2,v3.2.3 iter
hot10,night,1.63807165622711,47.5040780305862,18.3996900509566,5.28743138374427,74.5913314455201,0.536481118649892,P2,v3.2.3 iter
hot10,global,0.0284920819103718,0.826270375400782,24.2654979021122,0.242658334199148,56.5111809723302,1.31526088666531,P2,v3.2.3 iter
hot10,global,0.0888952985405922,2.57796365767717,24.1768796480619,0.28313436313795,55.3163818431545,1.34423705590069,P2,v3.2.3 iter
hot10,global,0.156546890735626,4.53985983133316,24.1544873751127,0.353000151291967,54.9187120293128,1.35438060814134,P2,v3.2.3 iter
hot10,global,0.232316687703133,6.73718394339085,24.1403814071264,0.447472993129243,54.7164421368877,1.35930704513327,P2,v3.2.3 iter
hot10,global,0.317178845405579,9.19818651676178,24.1277123084435,0.562117674770073,54.5980770360959,1.36182492401572,P2,v3.2.3 iter
hot10,global,0.412224471569061,11.9545096755028,24.1181281260955,0.709527291811239,54.5145251930466,1.36354696408946,P2,v3.2.3 iter
hot10,global,0.518675565719605,15.0415914058685,24.1082769149389,0.910414174390145,54.4454009397187,1.36481240000671,P2,v3.2.3 iter
hot10,global,0.637900829315186,18.4991240501404,24.1005571414263,1.18454666956304,54.3923591796243,1.36576888718467,P2,v3.2.3 iter
hot10,global,0.771433055400848,22.3715586066246,24.0950867677346,1.70879715170043,54.3634297982727,1.3661867785965,P2,v3.2.3 iter
hot10,global,0.920989215373993,26.7086872458458,24.0865513336964,2.49878829211379,54.263629502908,1.36847346547413,P2,v3.2.3 iter
hot10,global,1.07089686393738,31.056009054184,24.0795331710424,3.14926423266148,54.0655682049599,1.37382102434,P2,v3.2.3 iter
hot10,global,1.21269059181213,35.1680271625519,24.0786693866436,3.8637878423891,54.0033152312254,1.37561160866648,P2,v3.2.3 iter
hot10,global,1.3544842004776,39.2800418138504,24.0793454683744,4.48117692520221,53.9455786988493,1.37739419448597,P2,v3.2.3 iter
hot10,global,1.49627792835236,43.3920599222183,24.081069124662,5.01897578533643,53.8897996012342,1.37920506372717,P2,v3.2.3 iter
hot10,global,1.63807165622711,47.5040780305862,24.0835476997572,5.49193094594356,53.8353261548625,1.38103978534048,P2,v3.2.3 iter
JJAS,day,0.0284920819103718,1.02571494877338,23.373382051395,1.62051775659653,55.0231972588879,1.28923121338123,P3,v3.2.0
JJAS,day,0.0888952985405922,3.20023074746132,23.5029713615043,1.73495272007552,54.2513338837654,1.32164179317694,P3,v3.2.0
JJAS,day,0.156546890735626,5.63568806648254,23.5604435488175,1.88150935420573,53.9537757135593,1.334852001058,P3,v3.2.0
JJAS,day,0.232316687703133,8.36340075731278,23.6120961340399,2.04419344592371,53.6949651595644,1.3465368686081,P3,v3.2.0
JJAS,day,0.317178845405579,11.4184384346008,23.6590571836044,2.22252791839056,53.4471114500141,1.35757693417714,P3,v3.2.0
JJAS,day,0.412224471569061,14.8400809764862,23.692880832693,2.41888002711323,53.2137713661341,1.36716174450456,P3,v3.2.0
JJAS,day,0.518675565719605,18.6723203659058,23.6995546768272,2.62707573678243,52.9965698273261,1.37406038199249,P3,v3.2.0
JJAS,day,0.637900829315186,22.9644298553467,23.6994411947949,2.84456136087821,52.8049382222932,1.3796529649883,P3,v3.2.0
JJAS,day,0.771433055400848,27.7715899944305,23.7034346616985,3.08686869827613,52.6377390280212,1.38487342896512,P3,v3.2.0
JJAS,day,0.920989215373993,33.1556117534637,23.6792382245507,3.3592443056201,52.4730431182434,1.38766718787901,P3,v3.2.0
JJAS,day,1.05625879764557,38.0253167152405,23.5676530348147,3.62723213442362,52.1361433097231,1.38814672522492,P3,v3.2.0
JJAS,day,1.16877639293671,42.0759501457214,23.5393157125171,3.92521703613749,52.0570670510597,1.38806867935511,P3,v3.2.0
JJAS,day,1.28129398822784,46.1265835762024,23.5205038768998,4.19854656965192,51.9843808047552,1.38859842979275,P3,v3.2.0
JJAS,day,1.39381158351898,50.1772170066834,23.5066615703979,4.45038691374774,51.9165232563837,1.3894015021719,P3,v3.2.0
JJAS,day,1.50632917881012,54.2278504371643,23.4958932011506,4.68323490817527,51.8514770190923,1.39037852460026,P3,v3.2.0
JJAS,night,0.0284920819103718,1.02571494877338,15.9166425944678,1.29339817925636,84.0937500422672,0.287044231321773,P3,v3.2.0
JJAS,night,0.0888952985405922,3.20023074746132,15.7354286735826,1.38473101914988,84.4386312052302,0.277588165346889,P3,v3.2.0
JJAS,night,0.156546890735626,5.63568806648254,15.6745423113714,1.5017024264391,84.558703410417,0.274375932492047,P3,v3.2.0
JJAS,night,0.232316687703133,8.36340075731278,15.6280643734124,1.63154591229118,84.6549663879574,0.271855921829107,P3,v3.2.0
JJAS,night,0.317178845405579,11.4184384346008,15.584013166584,1.77388057283691,84.7480610390982,0.269445981217159,P3,v3.2.0
JJAS,night,0.412224471569061,14.8400809764862,15.5453518143117,1.93059587427746,84.8167220695657,0.267569955951997,P3,v3.2.0
JJAS,night,0.518675565719605,18.6723203659058,15.5208231858217,2.09676343092664,84.8107696707915,0.26725477401906,P3,v3.2.0
JJAS,night,0.637900829315186,22.9644298553467,15.5049582142648,2.27034468171212,84.7762976088307,0.267589298740438,P3,v3.2.0
JJAS,night,0.771433055400848,27.7715899944305,15.4927411355608,2.46373734045061,84.7437117830918,0.267952315127642,P3,v3.2.0
JJAS,night,0.920989215373993,33.1556117534637,15.502830988983,2.68112910966404,84.5998716107197,0.270653488766981,P3,v3.2.0
JJAS,night,1.05625879764557,38.0253167152405,15.5920507128773,2.90377140191735,83.9505927256167,0.283680227193482,P3,v3.2.0
JJAS,night,1.16877639293671,42.0759501457214,15.6142346158054,3.16614901877003,83.7920633448792,0.286889308025235,P3,v3.2.0
JJAS,night,1.28129398822784,46.1265835762024,15.6313877876991,3.41126732524138,83.6662067838156,0.289434539733669,P3,v3.2.0
JJAS,night,1.39381158351898,50.1772170066834,15.6460218419143,3.64108119835782,83.5573657574235,0.291636123379926,P3,v3.2.0
JJAS,night,1.50632917881012,54.2278504371643,15.6592292410429,3.85707629667442,83.4583581299536,0.293640173138934,P3,v3.2.0
JJAS,global,0.0284920819103718,1.02571494877338,19.1129788716634,1.39841070136595,70.917018214512,0.64203932202793,P3,v3.2.0
JJAS,global,0.0888952985405922,3.20023074746132,19.1029342630522,1.49716186524328,70.4819220440701,0.651236916442778,P3,v3.2.0
JJAS,global,0.156546890735626,5.63568806648254,19.1055080163674,1.62363185945013,70.3138020918136,0.655051054470327,P3,v3.2.0
JJAS,global,0.232316687703133,8.36340075731278,19.1117261500958,1.76401885408562,70.163878691051,0.658614319370312,P3,v3.2.0
JJAS,global,0.317178845405579,11.4184384346008,19.1172169482122,1.91791120654512,70.018204532614,0.662056402219672,P3,v3.2.0
JJAS,global,0.412224471569061,14.8400809764862,19.1209308582577,2.08735167944824,69.8655824694396,0.665580556451842,P3,v3.2.0
JJAS,global,0.518675565719605,18.6723203659058,19.122820498774,2.2670126456177,69.6797748809243,0.669763330081466,P3,v3.2.0
JJAS,global,0.637900829315186,22.9644298553467,19.1248236421679,2.45469050627212,69.5039998144909,0.673730200301083,P3,v3.2.0
JJAS,global,0.771433055400848,27.7715899944305,19.1277830759685,2.66378798009064,69.3566705716759,0.677109864666564,P3,v3.2.0
JJAS,global,0.920989215373993,33.1556117534637,19.1325976720925,2.8988324578195,69.1518997132974,0.681839023517439,P3,v3.2.0
JJAS,global,1.05625879764557,38.0253167152405,19.1554715662055,3.13576028632163,68.548013776209,0.696177842545325,P3,v3.2.0
JJAS,global,1.16877639293671,42.0759501457214,19.160823117449,3.40877146087841,68.4029428808967,0.699622048645292,P3,v3.2.0
JJAS,global,1.28129398822784,46.1265835762024,19.1660312006383,3.66207772129485,68.2835590774385,0.70249323479302,P3,v3.2.0
JJAS,global,1.39381158351898,50.1772170066834,19.1711638341185,3.89800705900161,68.1785988507523,0.705043314485844,P3,v3.2.0
JJAS,global,1.50632917881012,54.2278504371643,19.1763051496829,4.11834969225497,68.0821835515789,0.70740594206858,P3,v3.2.0
hot10,day,0.0284920819103718,1.02571494877338,30.3136582594652,1.59435227436897,38.3320324850164,2.65825088082269,P3,v3.2.0
hot10,day,0.0888952985405922,3.20023074746132,30.5330819936899,1.70698519700613,37.4844039397037,2.72885401967163,P3,v3.2.0
hot10,day,0.156546890735626,5.63568806648254,30.6294760679588,1.85119962692261,37.1652396149947,2.75794625938469,P3,v3.2.0
hot10,day,0.232316687703133,8.36340075731278,30.7122233072917,2.01127831293986,36.91087609039,2.78223611268472,P3,v3.2.0
hot10,day,0.317178845405579,11.4184384346008,30.7835483648838,2.18675479980615,36.6901773443432,2.80336572271279,P3,v3.2.0
hot10,day,0.412224471569061,14.8400809764862,30.8254513471555,2.37995640131143,36.529397074842,2.81721657142993,P3,v3.2.0
hot10,day,0.518675565719605,18.6723203659058,30.8089092548077,2.58482296038897,36.4660713124419,2.817365633045,P3,v3.2.0
hot10,day,0.637900829315186,22.9644298553467,30.7793823242188,2.798849322857,36.4374750522811,2.81388595511201,P3,v3.2.0
hot10,day,0.771433055400848,27.7715899944305,30.7583408453526,3.03729197306511,36.4151634905222,2.81149340274635,P3,v3.2.0
hot10,day,0.920989215373993,33.1556117534637,30.677627328726,3.30530749223171,36.4784517768861,2.79577422727442,P3,v3.2.0
hot10,day,1.05625879764557,38.0253167152405,30.4058902055789,3.56164840857188,36.7375112849299,2.74142810144419,P3,v3.2.0
hot10,day,1.16877639293671,42.0759501457214,30.3388321314103,3.83392755801861,36.8039385075183,2.72805231489605,P3,v3.2.0
hot10,day,1.28129398822784,46.1265835762024,30.2909774389022,4.07989447850447,36.8498747293474,2.71860510912249,P3,v3.2.0
hot10,day,1.39381158351898,50.1772170066834,30.2534001277044,4.30350361726223,36.8851587905898,2.71124071200795,P3,v3.2.0
hot10,day,1.50632917881012,54.2278504371643,30.2221352601663,4.5077777948135,36.9140037862651,2.70514871658804,P3,v3.2.0
hot10,night,0.0284920819103718,1.02571494877338,18.7007651304588,1.33724426688292,75.2067069762096,0.533441989033092,P3,v3.2.0
hot10,night,0.0888952985405922,3.20023074746132,18.5587026742789,1.43171379275811,75.1293349555617,0.530374673946978,P3,v3.2.0
hot10,night,0.156546890735626,5.63568806648254,18.5065712170724,1.55267196588027,75.1346439742903,0.528534593372546,P3,v3.2.0
hot10,night,0.232316687703133,8.36340075731278,18.4609787378556,1.6869360498893,75.177956839028,0.526110354306024,P3,v3.2.0
hot10,night,0.317178845405579,11.4184384346008,18.4135712452424,1.83411492063449,75.246104098859,0.52311078157436,P3,v3.2.0
hot10,night,0.412224471569061,14.8400809764862,18.3669396033654,1.99616049039058,75.3234285636657,0.519955720173589,P3,v3.2.0
hot10,night,0.518675565719605,18.6723203659058,18.3305696927584,2.16798992187549,75.3643247134087,0.51791237736675,P3,v3.2.0
hot10,night,0.637900829315186,22.9644298553467,18.3035150772486,2.34750201763251,75.3824789306498,0.516653921439757,P3,v3.2.0
hot10,night,0.771433055400848,27.7715899944305,18.2810075808794,2.54749298248536,75.4013758346419,0.515529444195865,P3,v3.2.0
hot10,night,0.920989215373993,33.1556117534637,18.2811934251052,2.77228788381968,75.3269308645382,0.517095660704938,P3,v3.2.0
hot10,night,1.05625879764557,38.0253167152405,18.3560847355769,3.00096262571139,74.8437481436496,0.529702612123622,P3,v3.2.0
hot10,night,1.16877639293671,42.0759501457214,18.3747595371344,3.26784495054147,74.7266376167673,0.532791554026303,P3,v3.2.0
hot10,night,1.28129398822784,46.1265835762024,18.3883903307793,3.51615512371063,74.6378080915819,0.535120919025116,P3,v3.2.0
hot10,night,1.39381158351898,50.1772170066834,18.3995746319111,3.74818012500421,74.5633822623437,0.537067357815131,P3,v3.2.0
hot10,night,1.50632917881012,54.2278504371643,18.4093739044972,3.96573302531854,74.4973493528555,0.538792158523067,P3,v3.2.0
hot10,global,0.0284920819103718,1.02571494877338,23.9258348122622,1.40453048160252,56.6572865044219,1.28440073192338,P3,v3.2.0
hot10,global,0.0888952985405922,3.20023074746132,24.003490017622,1.50375344188741,55.8334910775847,1.31493048115439,P3,v3.2.0
hot10,global,0.156546890735626,5.63568806648254,24.0371319306203,1.63079786372299,55.5426384417331,1.32626537516079,P3,v3.2.0
hot10,global,0.232316687703133,8.36340075731278,24.0655276567508,1.77181774506775,55.317493877479,1.33525545169754,P3,v3.2.0
hot10,global,0.317178845405579,11.4184384346008,24.0881039154835,1.92640221902193,55.120318733398,1.342965642705,P3,v3.2.0
hot10,global,0.412224471569061,14.8400809764862,24.100967563727,2.09660145124564,54.9508155556557,1.34907853836997,P3,v3.2.0
hot10,global,0.518675565719605,18.6723203659058,24.1007761441745,2.27707682263393,54.7979484909765,1.35364087195103,P3,v3.2.0
hot10,global,0.637900829315186,22.9644298553467,24.0979525835086,2.46562144475488,54.6653093998309,1.35738299492885,P3,v3.2.0
hot10,global,0.771433055400848,27.7715899944305,24.0960164779272,2.6756753705633,54.5588799534508,1.36041161494347,P3,v3.2.0
hot10,global,0.920989215373993,33.1556117534637,24.088224029541,2.91178128142387,54.4322532688731,1.36356492637216,P3,v3.2.0
hot10,global,1.05625879764557,38.0253167152405,24.080818724021,3.14926423266148,54.019523097477,1.37530423343734,P3,v3.2.0
hot10,global,1.16877639293671,42.0759501457214,24.0788841834435,3.42191780329897,53.9195591273381,1.37813424327059,P3,v3.2.0
hot10,global,1.28129398822784,46.1265835762024,24.078637108436,3.67502763351569,53.8351570042515,1.38063800174288,P3,v3.2.0
hot10,global,1.39381158351898,50.1772170066834,24.0792996920072,3.91077896666068,53.7599643847944,1.38294174318727,P3,v3.2.0
hot10,global,1.50632917881012,54.2278504371643,24.0805600092962,4.13072512107782,53.6902620954717,1.38513113031882,P3,v3.2.0
JJAS,day,0.0284920819103718,1.02571494877338,23.3872474545339,0.184003431545927,55.9868664244253,1.26266378265624,P3,v3.2.3 iter
JJAS,day,0.0888952985405922,3.20023074746132,23.5969732565959,0.215549778053283,54.1810115694012,1.33119002666837,P3,v3.2.3 iter
JJAS,day,0.156546890735626,5.63568806648254,23.7007582867732,0.270593683242981,53.4350460205403,1.36134091097384,P3,v3.2.3 iter
JJAS,day,0.232316687703133,8.36340075731278,23.7562304887616,0.350312184692549,52.993440184937,1.37884510437129,P3,v3.2.3 iter
JJAS,day,0.317178845405579,11.4184384346008,23.77795124992,0.466754670326135,52.7382561841925,1.38814258749959,P3,v3.2.3 iter
JJAS,day,0.412224471569061,14.8400809764862,23.7729587909303,0.643801228453716,52.5740031137718,1.39254877450691,P3,v3.2.3 iter
JJAS,day,0.518675565719605,18.6723203659058,23.7409531056555,0.887569971362261,52.4649051218851,1.39306792736053,P3,v3.2.3 iter
JJAS,day,0.637900829315186,22.9644298553467,23.7117641261367,1.2053921570177,52.3909287507367,1.39278801028962,P3,v3.2.3 iter
JJAS,day,0.771433055400848,27.7715899944305,23.6922732327154,1.73383919725734,52.3374196710104,1.3927190956987,P3,v3.2.3 iter
JJAS,day,0.920989215373993,33.1556117534637,23.6584003886239,2.67361248256079,52.2875601778309,1.39133680411059,P3,v3.2.3 iter
JJAS,day,1.05625879764557,38.0253167152405,23.5701330466349,3.62723213442362,52.2058357999926,1.38633256927235,P3,v3.2.3 iter
JJAS,day,1.16877639293671,42.0759501457214,23.5471142878298,4.30383863300085,52.1825759872619,1.38508544373741,P3,v3.2.3 iter
JJAS,day,1.28129398822784,46.1265835762024,23.5299426469647,4.90044359602238,52.1587912714192,1.3843415625249,P3,v3.2.3 iter
JJAS,day,1.39381158351898,50.1772170066834,23.5159887762018,5.42833191017961,52.1344460144253,1.38388204873986,P3,v3.2.3 iter
JJAS,day,1.50632917881012,54.2278504371643,23.5041847270695,5.89830075269514,52.1096763886329,1.38361370074258,P3,v3.2.3 iter
JJAS,night,0.0284920819103718,1.02571494877338,16.455349097747,0.146957982692847,85.2578766511891,0.275325403221199,P3,v3.2.3 iter
JJAS,night,0.0888952985405922,3.20023074746132,15.8631969764585,0.17215152984597,84.8243897830367,0.27292608177521,P3,v3.2.3 iter
JJAS,night,0.156546890735626,5.63568806648254,15.6786921183269,0.216111046870244,84.7714941723097,0.270666691297876,P3,v3.2.3 iter
JJAS,night,0.232316687703133,8.36340075731278,15.5883537917841,0.27977583628616,84.7795335763941,0.268964690279146,P3,v3.2.3 iter
JJAS,night,0.317178845405579,11.4184384346008,15.5410199024639,0.372768096060904,84.7798451969768,0.268145443094716,P3,v3.2.3 iter
JJAS,night,0.412224471569061,14.8400809764862,15.5168001602257,0.514157808976136,84.7424899818359,0.268387003599239,P3,v3.2.3 iter
JJAS,night,0.518675565719605,18.6723203659058,15.513145179957,0.708827467116176,84.6435144727604,0.270064810610068,P3,v3.2.3 iter
JJAS,night,0.637900829315186,22.9644298553467,15.5153259360725,0.962627339762091,84.5521560885343,0.271709416185595,P3,v3.2.3 iter
JJAS,night,0.771433055400848,27.7715899944305,15.5174037578979,1.38461780318064,84.486376028639,0.272902720823635,P3,v3.2.3 iter
JJAS,night,0.920989215373993,33.1556117534637,15.5312101687239,2.13505991012917,84.3698541371426,0.27519566971053,P3,v3.2.3 iter
JJAS,night,1.05625879764557,38.0253167152405,15.5841334441972,2.90377140191735,84.0199250183522,0.282311655086652,P3,v3.2.3 iter
JJAS,night,1.16877639293671,42.0759501457214,15.5987513224284,3.46879762936322,83.9241288675538,0.284269867800119,P3,v3.2.3 iter
JJAS,night,1.28129398822784,46.1265835762024,15.6109957502188,3.97645058686453,83.8423036487694,0.2859407568275,P3,v3.2.3 iter
JJAS,night,1.39381158351898,50.1772170066834,15.6221462979343,4.4336547976146,83.7670438665865,0.287477668276428,P3,v3.2.3 iter
JJAS,night,1.50632917881012,54.2278504371643,15.6326461375086,4.84759662898838,83.6957868280401,0.288933643532386,P3,v3.2.3 iter
JJAS,global,0.0284920819103718,1.02571494877338,19.3286857333991,0.158838500161884,72.1211726507771,0.62377533770195,P3,v3.2.3 iter
JJAS,global,0.0888952985405922,3.20023074746132,19.1784400356272,0.186070879097981,70.6651246442773,0.650245727527457,P3,v3.2.3 iter
JJAS,global,0.156546890735626,5.63568806648254,19.155981537032,0.233587430316772,70.0997615115685,0.661851511049463,P3,v3.2.3 iter
JJAS,global,0.232316687703133,8.36340075731278,19.1535748174282,0.302404418317321,69.7598271232837,0.669275751885879,P3,v3.2.3 iter
JJAS,global,0.317178845405579,11.4184384346008,19.1531033375225,0.40292365823763,69.5475542739019,0.673953987575066,P3,v3.2.3 iter
JJAS,global,0.412224471569061,14.8400809764862,19.1516021290764,0.555759935585726,69.3784645730373,0.677632817855066,P3,v3.2.3 iter
JJAS,global,0.518675565719605,18.6723203659058,19.1488892852283,0.766195659181536,69.2168915829096,0.681093234168494,P3,v3.2.3 iter
JJAS,global,0.637900829315186,22.9644298553467,19.1469048401046,1.0405607663777,69.0944562643467,0.683717678699774,P3,v3.2.3 iter
JJAS,global,0.771433055400848,27.7715899944305,19.1459359486898,1.49675271596729,69.0087088586008,0.685573283049228,P3,v3.2.3 iter
JJAS,global,0.920989215373993,33.1556117534637,19.1456598521582,2.30803313549822,68.8996887364834,0.687973139841273,P3,v3.2.3 iter
JJAS,global,1.05625879764557,38.0253167152405,19.1506994528849,3.13576028632163,68.6300450586645,0.694155786302617,P3,v3.2.3 iter
JJAS,global,1.16877639293671,42.0759501457214,19.1524434991222,3.73518189408211,68.556523978108,0.695858239314758,P3,v3.2.3 iter
JJAS,global,1.28129398822784,46.1265835762024,19.154685290394,4.26950363910508,68.4921638275705,0.697379911899338,P3,v3.2.3 iter
JJAS,global,1.39381158351898,50.1772170066834,19.1573146069636,4.747172790437,68.4321321424008,0.698823040807283,P3,v3.2.3 iter
JJAS,global,1.50632917881012,54.2278504371643,19.1602436065674,5.17662541288374,68.3747813956584,0.700220330645428,P3,v3.2.3 iter
hot10,day,0.0284920819103718,1.02571494877338,30.3729844313402,0.18044852408079,39.1504922519859,2.63189953911063,P3,v3.2.3 iter
hot10,day,0.0888952985405922,3.20023074746132,30.7556975535858,0.211417897771566,37.1999017562432,2.77637593933634,P3,v3.2.3 iter
hot10,day,0.156546890735626,5.63568806648254,30.9188069661458,0.265447762723152,36.5206013886735,2.83265670391803,P3,v3.2.3 iter
hot10,day,0.232316687703133,8.36340075731278,30.9843962840545,0.343708347433653,36.2134362337189,2.85703021768743,P3,v3.2.3 iter
hot10,day,0.317178845405579,11.4184384346008,30.9902149689503,0.458042987646201,36.1000789583725,2.86305720352502,P3,v3.2.3 iter
hot10,day,0.412224471569061,14.8400809764862,30.9443024464143,0.631918829220992,36.1109832944971,2.85508404860133,P3,v3.2.3 iter
hot10,day,0.518675565719605,18.6723203659058,30.8454395783253,0.871417212180602,36.2247761673676,2.83396890796754,P3,v3.2.3 iter
hot10,day,0.637900829315186,22.9644298553467,30.7597133538662,1.18383388947218,36.3318206739001,2.81539919506758,P3,v3.2.3 iter
hot10,day,0.771433055400848,27.7715899944305,30.6980357634716,1.70341817537944,36.4128300682106,2.80192792559545,P3,v3.2.3 iter
hot10,day,0.920989215373993,33.1556117534637,30.6114315717649,2.62769210032928,36.5203411102016,2.78337947786299,P3,v3.2.3 iter
hot10,day,1.05625879764557,38.0253167152405,30.4196426782853,3.56164840857188,36.735564029594,2.7436719676362,P3,v3.2.3 iter
hot10,day,1.16877639293671,42.0759501457214,30.3702949719552,4.21293200285007,36.7908457195192,2.73353931368451,P3,v3.2.3 iter
hot10,day,1.28129398822784,46.1265835762024,30.3316589355469,4.78197732338539,36.8342633581097,2.72562298186111,P3,v3.2.3 iter
hot10,day,1.39381158351898,50.1772170066834,30.298981651893,5.28122902527834,36.8710147786803,2.71894184451454,P3,v3.2.3 iter
hot10,day,1.50632917881012,54.2278504371643,30.2703389485677,5.7221969580039,36.9032340334778,2.71309709155128,P3,v3.2.3 iter
hot10,night,0.0284920819103718,1.02571494877338,19.1550623184596,0.151519077233015,77.8688415067329,0.489852354726369,P3,v3.2.3 iter
hot10,night,0.0888952985405922,3.20023074746132,18.6161543626052,0.177523450782666,76.1259308105111,0.510954691950705,P3,v3.2.3 iter
hot10,night,0.156546890735626,5.63568806648254,18.4438818515876,0.222891266624897,75.7328540604465,0.513798865901025,P3,v3.2.3 iter
hot10,night,0.232316687703133,8.36340075731278,18.3574951954377,0.288605141143004,75.6123193447357,0.513564576170326,P3,v3.2.3 iter
hot10,night,0.317178845405579,11.4184384346008,18.3111382117638,0.384609689697241,75.5622005178268,0.513127181049934,P3,v3.2.3 iter
hot10,night,0.412224471569061,14.8400809764862,18.2864174084786,0.530609809435331,75.5112995296371,0.5133997893626,P3,v3.2.3 iter
hot10,night,0.518675565719605,18.6723203659058,18.2817580003005,0.731711897330406,75.4221619517441,0.515118049191982,P3,v3.2.3 iter
hot10,night,0.637900829315186,22.9644298553467,18.2831226837941,0.994042042738352,75.3430788500568,0.516819737412767,P3,v3.2.3 iter
hot10,night,0.771433055400848,27.7715899944305,18.284321476863,1.43032673918284,75.2882889671729,0.518007085477552,P3,v3.2.3 iter
hot10,night,0.920989215373993,33.1556117534637,18.2977797288161,2.20642137833131,75.1897055326145,0.520512542550308,P3,v3.2.3 iter
hot10,night,1.05625879764557,38.0253167152405,18.3525454790164,3.00096262571139,74.8803198948028,0.528815256691829,P3,v3.2.3 iter
hot10,night,1.16877639293671,42.0759501457214,18.3675969050481,3.58335063549188,74.7960267343182,0.531090381911604,P3,v3.2.3 iter
hot10,night,1.28129398822784,46.1265835762024,18.380017559345,4.10601413861299,74.724762016363,0.53300663355377,P3,v3.2.3 iter
hot10,night,1.39381158351898,50.1772170066834,18.3911995129708,4.5762310333741,74.6597002091637,0.534753104235446,P3,v3.2.3 iter
hot10,night,1.50632917881012,54.2278504371643,18.4016349596855,5.00152180439387,74.5984343022117,0.536396487356357,P3,v3.2.3 iter
hot10,global,0.0284920819103718,1.02571494877338,24.0356799003405,0.159219209480887,58.0805597534193,1.25044436171836,P3,v3.2.3 iter
hot10,global,0.0888952985405922,3.20023074746132,24.0434918134641,0.186545113370252,55.9704049429018,1.31400558767783,P3,v3.2.3 iter
hot10,global,0.156546890735626,5.63568806648254,24.0864186996069,0.234218502106766,55.2170176915611,1.33993656792793,P3,v3.2.3 iter
hot10,global,0.232316687703133,8.36340075731278,24.1180845994216,0.303271926843967,54.8163535016863,1.35449532878737,P3,v3.2.3 iter
hot10,global,0.317178845405579,11.4184384346008,24.1324969169421,0.404155385776017,54.6005432709281,1.36214178802103,P3,v3.2.3 iter
hot10,global,0.412224471569061,14.8400809764862,24.1330913250263,0.557575167944798,54.4697778338126,1.36611390838118,P3,v3.2.3 iter
hot10,global,0.518675565719605,18.6723203659058,24.1216590685722,0.76889717254119,54.3835249200679,1.36776369660214,P3,v3.2.3 iter
hot10,global,0.637900829315186,22.9644298553467,24.1106820326585,1.04455881546705,54.3261499702234,1.36858258961023,P3,v3.2.3 iter
hot10,global,0.771433055400848,27.7715899944305,24.102386533297,1.50301531463479,54.2905936586636,1.36896659403081,P3,v3.2.3 iter
hot10,global,0.920989215373993,33.1556117534637,24.0917816748986,2.31855074793865,54.2424340891522,1.36953734572929,P3,v3.2.3 iter
hot10,global,1.05625879764557,38.0253167152405,24.0785299056616,3.14926423266148,54.08367541702,1.37319680390865,P3,v3.2.3 iter
hot10,global,1.16877639293671,42.0759501457214,24.0756646767641,3.74680759461644,54.0396093920602,1.37427838062223,P3,v3.2.3 iter
hot10,global,1.28129398822784,46.1265835762024,24.0742079514724,4.27781064397632,54.0008175888442,1.37531809033769,P3,v3.2.3 iter
hot10,global,1.39381158351898,50.1772170066834,24.0736560919346,4.7511825700983,53.9643225840677,1.37636366874471,P3,v3.2.3 iter
hot10,global,1.50632917881012,54.2278504371643,24.0737560565655,5.17568103281351,53.9291723350382,1.37742284450474,P3,v3.2.3 iter
JJAS,day,0.0284920819103718,0.854762457311153,23.2129788258037,1.50404690210122,55.9571652425951,1.25029649231714,P4,v3.2.0
JJAS,day,0.0888952985405922,2.66685895621777,23.3900190509734,1.64216044913631,55.0839498449319,1.28878237702581,P4,v3.2.0
JJAS,day,0.156546890735626,4.69640672206879,23.5121358068915,1.80900348898003,54.6014448445472,1.31225184131418,P4,v3.2.0
JJAS,day,0.232316687703133,6.96950063109398,23.6068870502743,1.99228857123787,54.1769451743721,1.33210315053145,P4,v3.2.0
JJAS,day,0.317178845405579,9.51536536216736,23.6479517868959,2.18321930036926,53.7974674147604,1.34645948660281,P4,v3.2.0
JJAS,day,0.412224471569061,12.3667341470718,23.6682094553129,2.37735420198796,53.4655114352094,1.35778809128462,P4,v3.2.0
JJAS,day,0.518675565719605,15.5602669715881,23.6753073770492,2.57787475020426,53.1717991418209,1.36694186707721,P4,v3.2.0
JJAS,day,0.637900829315186,19.1370248794556,23.676136771447,2.78456540731459,52.9193327011967,1.3743801066371,P4,v3.2.0
JJAS,day,0.771433055400848,23.1429916620255,23.6840301513672,3.02309403998034,52.7132482769048,1.38105200896062,P4,v3.2.0
JJAS,day,0.920989215373993,27.6296764612198,23.6673265300814,3.30657935018341,52.5233533568872,1.38520486529381,P4,v3.2.0
JJAS,day,1.06729471683502,32.0188415050507,23.5681405656325,3.62723213442362,52.1115167747953,1.38890172730888,P4,v3.2.0
JJAS,day,1.20188426971436,36.0565280914307,23.5426315390999,3.98889309896635,52.0116650142293,1.38966074781387,P4,v3.2.0
JJAS,day,1.3364737033844,40.094211101532,23.526190068813,4.31531905505012,51.9243632445799,1.3908105302793,P4,v3.2.0
JJAS,day,1.47106325626373,44.131897687912,23.5142659505208,4.61194162123679,51.8440392787069,1.39213372382527,P4,v3.2.0
JJAS,day,1.60565268993378,48.1695806980133,23.5050267120528,4.88288887337746,51.7672649731743,1.39357711668497,P4,v3.2.0
JJAS,night,0.0284920819103718,0.854762457311153,15.9105355768256,1.20032368842614,84.1274000207453,0.286325326182249,P4,v3.2.0
JJAS,night,0.0888952985405922,2.66685895621777,15.7608810424805,1.31054574939234,84.3483594960402,0.279653094116177,P4,v3.2.0
JJAS,night,0.156546890735626,4.69640672206879,15.6923910088878,1.44369680888422,84.5107512060351,0.275542358231449,P4,v3.2.0
JJAS,night,0.232316687703133,6.96950063109398,15.6289990784692,1.58996958265213,84.683003079707,0.271375447175622,P4,v3.2.0
JJAS,night,0.317178845405579,9.51536536216736,15.5818854827047,1.74234305735413,84.7632897833789,0.269140289494829,P4,v3.2.0
JJAS,night,0.412224471569061,12.3667341470718,15.5494551778492,1.89727221276672,84.7812524747522,0.268265492893022,P4,v3.2.0
JJAS,night,0.518675565719605,15.5602669715881,15.5289115947452,2.05729635666466,84.7529937324048,0.268410327920357,P4,v3.2.0
JJAS,night,0.637900829315186,19.1370248794556,15.5164505004883,2.22224343718727,84.7018426934681,0.269095983467417,P4,v3.2.0
JJAS,night,0.771433055400848,23.1429916620255,15.5048249708499,2.412599471301,84.6705686370497,0.26944541337854,P4,v3.2.0
JJAS,night,0.920989215373993,27.6296764612198,15.5118269206396,2.63883451954589,84.5498076722233,0.271689835052406,P4,v3.2.0
JJAS,night,1.06729471683502,32.0188415050507,15.5911620760225,2.90377140191735,83.950718237448,0.283661875075831,P4,v3.2.0
JJAS,night,1.20188426971436,36.0565280914307,15.6115299745987,3.21570242880309,83.7993662123829,0.286710416745724,P4,v3.2.0
JJAS,night,1.3364737033844,40.094211101532,15.6269633642311,3.50203170891994,83.6807427089125,0.289095111715421,P4,v3.2.0
JJAS,night,1.47106325626373,44.131897687912,15.6401269464545,3.76629033489306,83.5778716714865,0.291162589933014,P4,v3.2.0
JJAS,night,1.60565268993378,48.1695806980133,15.6521111827079,4.01118804555122,83.4833241757707,0.29306351093993,P4,v3.2.0
JJAS,global,0.0284920819103718,0.854762457311153,19.0421151687539,1.29752549439506,71.4822075355578,0.626788347947441,P4,v3.2.0
JJAS,global,0.0888952985405922,2.66685895621777,19.0668555129421,1.41667493371308,70.9599525758499,0.639251804698926,P4,v3.2.0
JJAS,global,0.156546890735626,4.69640672206879,19.0925611944147,1.5606087097323,70.7082709550557,0.645825628663387,P4,v3.2.0
JJAS,global,0.232316687703133,6.96950063109398,19.1083081709231,1.71872687995525,70.49491706891,0.651168181345427,P4,v3.2.0
JJAS,global,0.317178845405579,9.51536536216736,19.1134159150671,1.88344114860062,70.248156474888,0.656823074448764,P4,v3.2.0
JJAS,global,0.412224471569061,12.3667341470718,19.1170242434642,2.05092001021102,70.0022883231292,0.662399911523298,P4,v3.2.0
JJAS,global,0.518675565719605,15.5602669715881,19.1206171254643,2.2239080169289,69.761024064312,0.667876891472209,P4,v3.2.0
JJAS,global,0.637900829315186,19.1370248794556,19.1243254489586,2.40221923175446,69.5405663539231,0.672901475367002,P4,v3.2.0
JJAS,global,0.771433055400848,23.1429916620255,19.1284062682606,2.60799666590826,69.3709467126932,0.676820683893161,P4,v3.2.0
JJAS,global,0.920989215373993,27.6296764612198,19.1334270352223,2.85255754793501,69.1630285973894,0.68162825059856,P4,v3.2.0
JJAS,global,1.06729471683502,32.0188415050507,19.1555221891143,3.13576028632163,68.528800852523,0.696605309419335,P4,v3.2.0
JJAS,global,1.20188426971436,36.0565280914307,19.1610241811784,3.46473587320639,68.3715229272083,0.700326517758857,P4,v3.2.0
JJAS,global,1.3364737033844,40.094211101532,19.1662404461637,3.76517863516172,68.2436119221975,0.703387196436045,P4,v3.2.0
JJAS,global,1.47106325626373,44.131897687912,19.1713690460705,4.04118840987769,68.1307605515322,0.706112255014885,P4,v3.2.0
JJAS,global,1.60565268993378,48.1695806980133,19.1765270900206,4.2958771452725,68.026181823844,0.708656921216692,P4,v3.2.0
hot10,day,0.0284920819103718,0.854762457311153,30.1222308819111,1.4800241008783,38.9233846265253,2.60402184315716,P4,v3.2.0
hot10,day,0.0888952985405922,2.66685895621777,30.415428904998,1.61595726930178,37.9562164997593,2.69008527094575,P4,v3.2.0
hot10,day,0.156546890735626,4.69640672206879,30.6159458258213,1.78013843909288,37.4342681999258,2.74401479252627,P4,v3.2.0
hot10,day,0.232316687703133,6.96950063109398,30.7597853440505,1.96050041149824,37.051982123648,2.78356518686695,P4,v3.2.0
hot10,day,0.317178845405579,9.51536536216736,30.796770301232,2.14840722695375,36.8428059061614,2.79871934715993,P4,v3.2.0
hot10,day,0.412224471569061,12.3667341470718,30.7955136030149,2.33949765486595,36.7083102859853,2.80447809654722,P4,v3.2.0
hot10,day,0.518675565719605,15.5602669715881,30.7705377040766,2.53689641524584,36.6249194877793,2.80417125442511,P4,v3.2.0
hot10,day,0.637900829315186,19.1370248794556,30.7365927671775,2.74039192077441,36.5738550506797,2.80099527290757,P4,v3.2.0
hot10,day,0.771433055400848,23.1429916620255,30.7208190917969,2.97521172425686,36.5227600830778,2.80072703494187,P4,v3.2.0
hot10,day,0.920989215373993,27.6296764612198,30.6557728302785,3.25425367477613,36.5451812328639,2.78935134515845,P4,v3.2.0
hot10,day,1.06729471683502,32.0188415050507,30.4050537109375,3.56164840857188,36.7231034249906,2.74192112557234,P4,v3.2.0
hot10,day,1.20188426971436,36.0565280914307,30.342417555589,3.89639885608967,36.7703649769298,2.73006228721413,P4,v3.2.0
hot10,day,1.3364737033844,40.094211101532,30.2986115284455,4.19440428110269,36.8009356642869,2.72190239688655,P4,v3.2.0
hot10,day,1.47106325626373,44.131897687912,30.2642722105369,4.46173496735402,36.8236323156849,2.7155754706267,P4,v3.2.0
hot10,day,1.60565268993378,48.1695806980133,30.2354346642128,4.70299099653195,36.8419144259496,2.71030567987943,P4,v3.2.0
hot10,night,0.0284920819103718,0.854762457311153,18.7821617713341,1.24118738143872,74.7879583349063,0.545216992138249,P4,v3.2.0
hot10,night,0.0888952985405922,2.66685895621777,18.67298044058,1.3551845351855,74.6122990819877,0.545283320695657,P4,v3.2.0
hot10,night,0.156546890735626,4.69640672206879,18.6053879175431,1.49287119737038,74.6956863885154,0.541200397934325,P4,v3.2.0
hot10,night,0.232316687703133,6.96950063109398,18.5248312925681,1.6441275263444,74.8931709692877,0.534277484709058,P4,v3.2.0
hot10,night,0.317178845405579,9.51536536216736,18.4524263822116,1.80171116575217,75.06210672274,0.528282889134847,P4,v3.2.0
hot10,night,0.412224471569061,12.3667341470718,18.3972365159255,1.96196466684341,75.1717438165422,0.524145678648302,P4,v3.2.0
hot10,night,0.518675565719605,15.5602669715881,18.3564885066106,2.12750847370197,75.2342387429854,0.521493439804362,P4,v3.2.0
hot10,night,0.637900829315186,19.1370248794556,18.3266865265675,2.29816520825411,75.2670847510041,0.519830121055784,P4,v3.2.0
hot10,night,0.771433055400848,23.1429916620255,18.3006159073267,2.49509130074428,75.3056372652945,0.51817244253782,P4,v3.2.0
hot10,night,0.920989215373993,27.6296764612198,18.2950374505459,2.7291032519096,75.2623287471937,0.518899723452194,P4,v3.2.0
hot10,night,1.06729471683502,32.0188415050507,18.352924601237,3.00096262571139,74.8544554678791,0.529372325264209,P4,v3.2.0
hot10,night,1.20188426971436,36.0565280914307,18.3679016895783,3.31795075917855,74.7524510024616,0.532018755081255,P4,v3.2.0
hot10,night,1.3364737033844,40.094211101532,18.3782322810247,3.60761617391537,74.6775151314178,0.533943261527453,P4,v3.2.0
hot10,night,1.47106325626373,44.131897687912,18.3865099784655,3.87383889387815,74.6153431787514,0.535531827342335,P4,v3.2.0
hot10,night,1.60565268993378,48.1695806980133,18.3937195606721,4.11966452537439,74.5600642702127,0.536940459239306,P4,v3.2.0
hot10,global,0.0284920819103718,0.854762457311153,23.901574804844,1.30302137647493,56.8873409279951,1.2757227685224,P4,v3.2.0
hot10,global,0.0888952985405922,2.66685895621777,24.0206725878593,1.42269769181999,55.989778130454,1.31162971263557,P4,v3.2.0
hot10,global,0.156546890735626,4.69640672206879,24.0887497730744,1.56724368661451,55.6052126055037,1.32850730671864,P4,v3.2.0
hot10,global,0.232316687703133,6.96950063109398,24.1229126367814,1.72603536951236,55.3539124675082,1.3387682702615,P4,v3.2.0
hot10,global,0.317178845405579,9.51536536216736,24.1243259332119,1.89146957961986,55.1561044899562,1.34481378345207,P4,v3.2.0
hot10,global,0.412224471569061,12.3667341470718,24.1194829305013,2.0597066480953,54.9765054394314,1.34980757666979,P4,v3.2.0
hot10,global,0.518675565719605,15.5602669715881,24.1122108459473,2.23349757884175,54.8105680952882,1.35419154869124,P4,v3.2.0
hot10,global,0.637900829315186,19.1370248794556,24.1047302246094,2.41265617129512,54.6645511857085,1.35795772456521,P4,v3.2.0
hot10,global,0.771433055400848,23.1429916620255,24.1004374186198,2.61939281444901,54.5531010106109,1.36094552882707,P4,v3.2.0
hot10,global,0.920989215373993,27.6296764612198,24.0917854895959,2.8650628684614,54.4285144964564,1.36396821681524,P4,v3.2.0
hot10,global,1.06729471683502,32.0188415050507,24.0789871802697,3.14926423266148,54.0120447422721,1.37537676259833,P4,v3.2.0
hot10,global,1.20188426971436,36.0565280914307,24.076010347024,3.47916481863612,53.9079031172199,1.37824516377636,P4,v3.2.0
hot10,global,1.3364737033844,40.094211101532,24.0747980557956,3.78046064117016,53.8219908963631,1.38071367237275,P4,v3.2.0
hot10,global,1.47106325626373,44.131897687912,24.0745887365097,4.05733718121281,53.7450440696195,1.38299699765619,P4,v3.2.0
hot10,global,1.60565268993378,48.1695806980133,24.0750643021021,4.31310431544597,53.6725610800134,1.38520372451511,P4,v3.2.0
JJAS,day,0.0284920819103718,0.854762457311153,23.2176370089172,0.204248592204063,56.1246596880223,1.24589206067501,P4,v3.2.3 iter
JJAS,day,0.0888952985405922,2.66685895621777,23.5532676655087,0.253713728307843,54.3045183253404,1.32411172019935,P4,v3.2.3 iter
JJAS,day,0.156546890735626,4.69640672206879,23.7483911399633,0.334648469104203,53.3759824418236,1.3669792694334,P4,v3.2.3 iter
JJAS,day,0.232316687703133,6.96950063109398,23.806054437356,0.452787148191141,52.9272883091585,1.38492878715872,P4,v3.2.3 iter
JJAS,day,0.317178845405579,9.51536536216736,23.7802276444565,0.607192727370707,52.7185931869435,1.38891023534976,P4,v3.2.3 iter
JJAS,day,0.412224471569061,12.3667341470718,23.7485789147883,0.795044532478304,52.5891259699156,1.39006497809955,P4,v3.2.3 iter
JJAS,day,0.518675565719605,15.5602669715881,23.7177647491622,1.02727190237187,52.4930295336422,1.39030292933352,P4,v3.2.3 iter
JJAS,day,0.637900829315186,19.1370248794556,23.6915392265946,1.30889287276468,52.4189981157554,1.39027393375718,P4,v3.2.3 iter
JJAS,day,0.771433055400848,23.1429916620255,23.676823917243,1.78296679989155,52.3631611187554,1.3906733908602,P4,v3.2.3 iter
JJAS,day,0.920989215373993,27.6296764612198,23.6499836239007,2.6696450516093,52.3076516071025,1.39004651358478,P4,v3.2.3 iter
JJAS,day,1.06729471683502,32.0188415050507,23.5705928948408,3.62723213442362,52.198207196944,1.38659225029102,P4,v3.2.3 iter
JJAS,day,1.20188426971436,36.0565280914307,23.5484736541582,4.32312787499258,52.1654857036055,1.3856939505209,P4,v3.2.3 iter
JJAS,day,1.3364737033844,40.094211101532,23.5321475002936,4.93346502399835,52.1341826124622,1.38523764184353,P4,v3.2.3 iter
JJAS,day,1.47106325626373,44.131897687912,23.518930970906,5.47106979913562,52.1034381781279,1.38502405586796,P4,v3.2.3 iter
JJAS,day,1.60565268993378,48.1695806980133,23.5077737943723,5.94783459066368,52.0730676777325,1.38497087406855,P4,v3.2.3 iter
JJAS,night,0.0284920819103718,0.854762457311153,16.1501238713499,0.16307837566198,85.1391365652651,0.272202904533465,P4,v3.2.3 iter
JJAS,night,0.0888952985405922,2.66685895621777,15.7093545715666,0.202571469348921,84.9388211038914,0.26821811135192,P4,v3.2.3 iter
JJAS,night,0.156546890735626,4.69640672206879,15.5654973764889,0.267190436109941,85.0029808926176,0.264628654486034,P4,v3.2.3 iter
JJAS,night,0.232316687703133,6.96950063109398,15.5087447703211,0.361512512854133,84.9829677708486,0.264020645340516,P4,v3.2.3 iter
JJAS,night,0.317178845405579,9.51536536216736,15.4997151525946,0.484787287704565,84.8569302671539,0.266082641111295,P4,v3.2.3 iter
JJAS,night,0.412224471569061,12.3667341470718,15.5021812397275,0.634760260235905,84.7347194780564,0.268272406361766,P4,v3.2.3 iter
JJAS,night,0.518675565719605,15.5602669715881,15.5091910690558,0.820155734308268,84.6192815745227,0.270422491752401,P4,v3.2.3 iter
JJAS,night,0.637900829315186,19.1370248794556,15.5168944228543,1.04497780250843,84.5203774248801,0.272295714945532,P4,v3.2.3 iter
JJAS,night,0.771433055400848,23.1429916620255,15.5206170670974,1.42343441311453,84.4581686168771,0.27345518631098,P4,v3.2.3 iter
JJAS,night,0.920989215373993,27.6296764612198,15.533210904481,2.13126712587606,84.3554923804512,0.275483823247323,P4,v3.2.3 iter
JJAS,night,1.06729471683502,32.0188415050507,15.5847080668465,2.90377140191735,84.0161426339898,0.282388862329591,P4,v3.2.3 iter
JJAS,night,1.20188426971436,36.0565280914307,15.5999670226718,3.48483042190961,83.9162994699781,0.28443044377845,P4,v3.2.3 iter
JJAS,night,1.3364737033844,40.094211101532,15.6127145319037,4.0044727384067,83.8312002373062,0.286168726083157,P4,v3.2.3 iter
JJAS,night,1.47106325626373,44.131897687912,15.6243386023683,4.47066974395611,83.7528427471972,0.287769528004618,P4,v3.2.3 iter
JJAS,night,1.60565268993378,48.1695806980133,15.6352980400044,4.89137450821413,83.6785855024066,0.28928755509793,P4,v3.2.3 iter
JJAS,global,0.0284920819103718,0.854762457311153,19.1017202408588,0.176283046921277,72.1403226930885,0.614602284908083,P4,v3.2.3 iter
JJAS,global,0.0888952985405922,2.66685895621777,19.073093220445,0.218975831456788,70.838891728505,0.642166253283101,P4,v3.2.3 iter
JJAS,global,0.156546890735626,4.69640672206879,19.1126689327219,0.288829542761681,70.2017699130656,0.657816526553888,P4,v3.2.3 iter
JJAS,global,0.232316687703133,6.96950063109398,19.1327491239121,0.390793703100453,69.8211044911365,0.667053807644815,P4,v3.2.3 iter
JJAS,global,0.317178845405579,9.51536536216736,19.1370196983463,0.524060173904208,69.5563301790675,0.673085209487632,P4,v3.2.3 iter
JJAS,global,0.412224471569061,12.3667341470718,19.1386819787364,0.686195124143002,69.3667831934173,0.677346065101847,P4,v3.2.3 iter
JJAS,global,0.518675565719605,15.5602669715881,19.1398970744649,0.886631990184936,69.2137256561083,0.680781914235436,P4,v3.2.3 iter
JJAS,global,0.637900829315186,19.1370248794556,19.1409508689505,1.12970240121896,69.0917085389327,0.683524958459958,P4,v3.2.3 iter
JJAS,global,0.771433055400848,23.1429916620255,19.1421175201083,1.53888215796508,69.0085671288469,0.685413399388882,P4,v3.2.3 iter
JJAS,global,0.920989215373993,27.6296764612198,19.143443888263,2.30418878339251,68.9047661362972,0.687765897146938,P4,v3.2.3 iter
JJAS,global,1.06729471683502,32.0188415050507,19.1515005810014,3.13576028632163,68.6221069110468,0.694366084184593,P4,v3.2.3 iter
JJAS,global,1.20188426971436,36.0565280914307,19.1542349059725,3.75234631864771,68.5395391437616,0.696311798254525,P4,v3.2.3 iter
JJAS,global,1.3364737033844,40.094211101532,19.1573331176258,4.29931750439637,68.4677437248421,0.698035506042047,P4,v3.2.3 iter
JJAS,global,1.47106325626373,44.131897687912,19.1607441761455,4.78632545143447,68.4010289200489,0.699660988135473,P4,v3.2.3 iter
JJAS,global,1.60565268993378,48.1695806980133,19.1644005009385,5.2226766704485,68.3375147680778,0.701226951569507,P4,v3.2.3 iter
hot10,day,0.0284920819103718,0.854762457311153,30.2326309595353,0.200350070802065,38.8330038249849,2.62444010289971,P4,v3.2.3 iter
hot10,day,0.0888952985405922,2.66685895621777,30.8008792192508,0.248899957308402,36.9231369064638,2.7958153901637,P4,v3.2.3 iter
hot10,day,0.156546890735626,4.69640672206879,31.0831112592649,0.328327565621107,36.1361344165039,2.87663189098257,P4,v3.2.3 iter
hot10,day,0.232316687703133,6.96950063109398,31.1117883926783,0.444283363910822,35.9570846062771,2.88941344391954,P4,v3.2.3 iter
hot10,day,0.317178845405579,9.51536536216736,30.999161314353,0.595895251402488,36.0690946888215,2.8659068298761,P4,v3.2.3 iter
hot10,day,0.412224471569061,12.3667341470718,30.8932817508013,0.78044704749034,36.1926135714249,2.84314945728058,P4,v3.2.3 iter
hot10,day,0.518675565719605,15.5602669715881,30.7986209184696,1.00870270530383,36.3066347842888,2.82277722553683,P4,v3.2.3 iter
hot10,day,0.637900829315186,19.1370248794556,30.7200725848858,1.28563792124773,36.4020881282129,2.80593163229135,P4,v3.2.3 iter
hot10,day,0.771433055400848,23.1429916620255,30.6687357584636,1.75189771866187,36.467067231811,2.79485483405312,P4,v3.2.3 iter
hot10,day,0.920989215373993,27.6296764612198,30.5969584147136,2.62415175254528,36.5502232598709,2.77976805527552,P4,v3.2.3 iter
hot10,day,1.06729471683502,32.0188415050507,30.4192005646535,3.56164840857188,36.7327077394169,2.74372639097573,P4,v3.2.3 iter
hot10,day,1.20188426971436,36.0565280914307,30.3702824519231,4.23146261313023,36.7826533373078,2.73389164062454,P4,v3.2.3 iter
hot10,day,1.3364737033844,40.094211101532,30.3321253067408,4.81338065098494,36.8218490798832,2.72623149940337,P4,v3.2.3 iter
hot10,day,1.47106325626373,44.131897687912,30.2998557066306,5.3214817413917,36.8550569683863,2.71976535712184,P4,v3.2.3 iter
hot10,day,1.60565268993378,48.1695806980133,30.2715573041867,5.76841628857148,36.8842019234175,2.71410496815118,P4,v3.2.3 iter
hot10,night,0.0284920819103718,0.854762457311153,18.844141407502,0.168162622703956,77.0790423017028,0.497593596302512,P4,v3.2.3 iter
hot10,night,0.0888952985405922,2.66685895621777,18.4715444711539,0.20891267968676,75.895230699203,0.51124557931246,P4,v3.2.3 iter
hot10,night,0.156546890735626,4.69640672206879,18.3401608198117,0.275579760854061,75.7495121026205,0.510121145920801,P4,v3.2.3 iter
hot10,night,0.232316687703133,6.96950063109398,18.283097252479,0.372906559934983,75.6959403672674,0.509422795133046,P4,v3.2.3 iter
hot10,night,0.317178845405579,9.51536536216736,18.2716613769531,0.500161085755397,75.5895524426399,0.511286026607524,P4,v3.2.3 iter
hot10,night,0.412224471569061,12.3667341470718,18.2725197816507,0.655063524460181,75.4880486800567,0.51343969313157,P4,v3.2.3 iter
hot10,night,0.518675565719605,15.5602669715881,18.2784116304838,0.846648526879457,75.3920426829896,0.515641119321836,P4,v3.2.3 iter
hot10,night,0.637900829315186,19.1370248794556,18.2852460029798,1.0790924338194,75.3101309348909,0.517579231329959,P4,v3.2.3 iter
hot10,night,0.771433055400848,23.1429916620255,18.2880180163261,1.47044477401636,75.2604382101283,0.518711082480156,P4,v3.2.3 iter
hot10,night,0.920989215373993,27.6296764612198,18.3001550136469,2.20256592218693,75.1748902236717,0.520900914914042,P4,v3.2.3 iter
hot10,night,1.06729471683502,32.0188415050507,18.3529993301783,3.00096262571139,74.8779655931118,0.528879858710524,P4,v3.2.3 iter
hot10,night,1.20188426971436,36.0565280914307,18.368551166241,3.59978693876511,74.7911838188011,0.53122418847099,P4,v3.2.3 iter
hot10,night,1.3364737033844,40.094211101532,18.3813145564153,4.1346766765301,74.7182285959969,0.533187730352551,P4,v3.2.3 iter
hot10,night,1.47106325626373,44.131897687912,18.3927981645633,4.61400882403056,74.6517095654367,0.53497529822752,P4,v3.2.3 iter
hot10,night,1.60565268993378,48.1695806980133,18.4035106169872,5.04610723409897,74.5891415598237,0.53665576142751,P4,v3.2.3 iter
hot10,global,0.0284920819103718,0.854762457311153,23.8156495314378,0.176727309154394,57.7906452569846,1.24256028992424,P4,v3.2.3 iter
hot10,global,0.0888952985405922,2.66685895621777,23.9696925823505,0.219552805844265,55.8813991151801,1.3108413975787,P4,v3.2.3 iter
hot10,global,0.156546890735626,4.69640672206879,24.0905530489408,0.289615307898762,55.0852951566523,1.34421117929604,P4,v3.2.3 iter
hot10,global,0.232316687703133,6.96950063109398,24.1312910813552,0.391899056111773,54.7365367653416,1.35796329486531,P4,v3.2.3 iter
hot10,global,0.317178845405579,9.51536536216736,24.1262192946214,0.525634778950077,54.5803853567872,1.36223359042075,P4,v3.2.3 iter
hot10,global,0.412224471569061,12.3667341470718,24.1168661459898,0.688426549546421,54.4815669801685,1.36443168473123,P4,v3.2.3 iter
hot10,global,0.518675565719605,15.5602669715881,24.1076384911171,0.88976916950196,54.4050982525203,1.36596755119742,P4,v3.2.3 iter
hot10,global,0.637900829315186,19.1370248794556,24.0997557615623,1.13405166805173,54.3452604850719,1.36711358057835,P4,v3.2.3 iter
hot10,global,0.771433055400848,23.1429916620255,24.0945653279622,1.54533596389378,54.3069316598679,1.36783532897421,P4,v3.2.3 iter
hot10,global,0.920989215373993,27.6296764612198,24.0875504909418,2.31474476938064,54.2546825982567,1.36882321878039,P4,v3.2.3 iter
hot10,global,1.06729471683502,32.0188415050507,24.0794134482359,3.14926423266148,54.0767020017975,1.37347816501229,P4,v3.2.3 iter
hot10,global,1.20188426971436,36.0565280914307,24.0778281969902,3.76419595390176,54.0237972041576,1.37492966166222,P4,v3.2.3 iter
hot10,global,1.3364737033844,40.094211101532,24.0774969052046,4.3080915494416,53.9776214514289,1.37628320093077,P4,v3.2.3 iter
hot10,global,1.47106325626373,44.131897687912,24.0779891967774,4.79107883992868,53.9343607956772,1.37761758745952,P4,v3.2.3 iter
hot10,global,1.60565268993378,48.1695806980133,24.0790855798966,5.22278963449674,53.8928069395353,1.37895098779326,P4,v3.2.3 iter
